,NTACode,yearMonth,subwayExits,subwayEntries
0,BK09,201601,265914.0,310061.0
1,BK09,201602,268745.0,320431.0
2,BK09,201603,308964.0,359748.0
3,BK09,201604,292435.0,335191.0
4,BK09,201605,337177.0,362077.0
5,BK09,201606,167222.0,188499.0
6,BK09,201607,206777.0,244153.0
7,BK09,201608,328551.0,330332.0
8,BK09,201609,3408753.4010416665,552574.8442563658
9,BK09,201610,298496.0,341301.0
10,BK09,201611,1601359.0,2856787.0
11,BK09,201612,254539.0,272895.0
12,BK09,201701,298491.0,347723.0
13,BK09,201702,234748.0,263886.0
14,BK09,201703,210464.0,259994.0
15,BK09,201704,311720.0,346909.0
16,BK09,201705,328279.0,365153.0
17,BK09,201706,179016.0,191247.0
18,BK09,201707,290104.0,297469.0
19,BK09,201708,337120.0,332200.0
20,BK09,201709,278011.0,285580.0
21,BK09,201710,377607.0,391335.0
22,BK09,201711,333241.0,360223.0
23,BK09,201712,159921.0,176517.0
24,BK17,201601,313878.0,485800.0
25,BK17,201602,316998.0,493451.0
26,BK17,201603,378989.0,585076.0
27,BK17,201604,351508.0,536312.0
28,BK17,201605,368622.0,559854.0
29,BK17,201606,198982.0,300301.0
30,BK17,201607,1390877.625,3728747.3489583335
31,BK17,201608,3103001.0,4948654.0
32,BK17,201609,365022.0,557827.0
33,BK17,201610,360567.0,551395.0
34,BK17,201611,350801.0,550798.0
35,BK17,201612,744125.484375,1145529.8218315972
36,BK17,201701,336079.0,525230.0
37,BK17,201702,238705.0,378265.0
38,BK17,201703,333718.0,534599.0
39,BK17,201704,343619.0,524330.0
40,BK17,201705,382026.0,581310.0
41,BK17,201706,198210.0,303015.0
42,BK17,201707,345955.0,511052.0
43,BK17,201708,363832.0,538262.0
44,BK17,201709,269754.0,417301.0
45,BK17,201710,804720.0,987097.0
46,BK17,201711,340693.0,531435.0
47,BK17,201712,245690.0,304892.0
48,BK19,201601,177748.0,283191.0
49,BK19,201602,177815.0,282987.0
50,BK19,201603,208167.0,350835.0
51,BK19,201604,179465.0,308760.0
52,BK19,201605,199721.0,342277.0
53,BK19,201606,112077.0,182430.0
54,BK19,201607,149805.0,248958.0
55,BK19,201608,212393.0,315983.0
56,BK19,201609,205861.0,330951.0
57,BK19,201610,193291.0,318612.0
58,BK19,201611,201678.0,338464.0
59,BK19,201612,146636.0,238688.0
60,BK19,201701,184423.0,300642.0
61,BK19,201702,129269.0,211699.0
62,BK19,201703,146249.0,252967.0
63,BK19,201704,181847.265625,295333.38888888893
64,BK19,201705,199835.0,338748.0
65,BK19,201706,111157.0,173899.0
66,BK19,201707,208610.0,313018.0
67,BK19,201708,200229.0,303011.0
68,BK19,201709,149450.0,244733.0
69,BK19,201710,201031.0,341422.0
70,BK19,201711,209495.0,342173.0
71,BK19,201712,90191.0,151324.0
72,BK21,201601,12019.0,40511.0
73,BK21,201602,11624.0,41376.0
74,BK21,201603,14030.0,47945.0
75,BK21,201604,12160.0,40781.0
76,BK21,201605,12921.0,42349.0
77,BK21,201606,8751.0,22681.0
78,BK21,201607,11419.0,29269.0
79,BK21,201608,15732.0,39903.0
80,BK21,201609,17676.0,44605.0
81,BK21,201610,17683.0,45097.0
82,BK21,201611,15498.0,40624.0
83,BK21,201612,12175.0,32920.0
84,BK21,201701,15015.0,41204.0
85,BK21,201702,10375.0,28246.0
86,BK21,201703,12674.0,34271.0
87,BK21,201704,15677.0,40635.0
88,BK21,201705,15415.0,44524.0
89,BK21,201706,7246.0,22074.0
90,BK21,201707,11563.0,33691.0
91,BK21,201708,12136.0,35791.0
92,BK21,201709,9478.0,27920.0
93,BK21,201710,13694.0,41383.0
94,BK21,201711,13817.0,41835.0
95,BK21,201712,7086.0,20773.0
96,BK23,201601,237752.0,273951.0
97,BK23,201602,236551.0,278851.0
98,BK23,201603,391750.8333333333,405345.92346643517
99,BK23,201604,304532.0,359451.0
100,BK23,201605,340679.0,445881.0
101,BK23,201606,227158.0,294078.0
102,BK23,201607,319088.0,408294.0
103,BK23,201608,425978.0,514153.0
104,BK23,201609,336368.0,399629.0
105,BK23,201610,295851.0,352197.0
106,BK23,201611,253113.0,301776.0
107,BK23,201612,189958.0,227640.0
108,BK23,201701,245441.0,288749.0
109,BK23,201702,173731.0,207967.0
110,BK23,201703,197440.0,234240.0
111,BK23,201704,304763.0,377087.0
112,BK23,201705,317023.0,412483.0
113,BK23,201706,198371.0,270447.0
114,BK23,201707,398679.0,520580.0
115,BK23,201708,382434.0,482619.0
116,BK23,201709,251777.0,289541.0
117,BK23,201710,803532.0,459542.24652777775
118,BK23,201711,330149.61805555556,571085.9166666666
119,BK23,201712,125072.0,144250.0
120,BK26,201601,18287.0,68796.0
121,BK26,201602,17367.0,73267.0
122,BK26,201603,20108.0,86425.0
123,BK26,201604,19968.0,77899.0
124,BK26,201605,20394.0,82405.0
125,BK26,201606,9130.0,42764.0
126,BK26,201607,10385.0,60275.0
127,BK26,201608,12652.0,77741.0
128,BK26,201609,18582.0,84280.0
129,BK26,201610,17370.0,83120.0
130,BK26,201611,17123.0,82576.0
131,BK26,201612,12321.0,61548.0
132,BK26,201701,17731.0,79634.0
133,BK26,201702,10698.0,54728.0
134,BK26,201703,13939.0,65715.0
135,BK26,201704,16707.0,74234.0
136,BK26,201705,18420.0,79852.0
137,BK26,201706,7394.0,37950.0
138,BK26,201707,11449.0,67833.0
139,BK26,201708,11355.0,68512.0
140,BK26,201709,12873.0,56627.0
141,BK26,201710,18609.0,75932.0
142,BK26,201711,16459.0,70028.0
143,BK26,201712,8575.0,36641.0
144,BK28,201601,1707784.0,3371821.0
145,BK28,201602,47876503.74305555,1676362984.0
146,BK28,201603,743595.0,1513400.0
147,BK28,201604,693621.0,1392305.0
148,BK28,201605,5013626.0,6921370.0
149,BK28,201606,383081.0,747378.0
150,BK28,201607,1510273.0,1655664.0
151,BK28,201608,622847.0,1270203.0
152,BK28,201609,665871.0,1362610.0
153,BK28,201610,666467.0,1389016.0
154,BK28,201611,650745.0,1380916.0
155,BK28,201612,494134.0,1049255.0
156,BK28,201701,626913.0,1329904.0
157,BK28,201702,427964.0,910489.0
158,BK28,201703,495890.0,1064609.0
159,BK28,201704,100338415.83333333,1961133927.0
160,BK28,201705,10470668.0,8964121.0
161,BK28,201706,346265.0,751559.0
162,BK28,201707,12232056.0,13393037.0
163,BK28,201708,985924.0,2207773.0
164,BK28,201709,431718.0,1082541.0
165,BK28,201710,201118888.0,1605795292.0
166,BK28,201711,574789.0,1845359.0
167,BK28,201712,276830.0,737660.0
168,BK29,201601,364785.0,692479.0
169,BK29,201602,336847.0,631969.0
170,BK29,201603,396238.0,742515.0
171,BK29,201604,372213.0,683948.0
172,BK29,201605,387795.0,718897.0
173,BK29,201606,207518.0,374181.0
174,BK29,201607,282757.0,509728.0
175,BK29,201608,377690.0,689494.0
176,BK29,201609,376071.0,706290.0
177,BK29,201610,374078.0,712343.0
178,BK29,201611,356728.0,704919.0
179,BK29,201612,261906.0,535375.0
180,BK29,201701,342230.0,687585.0
181,BK29,201702,246025.0,487664.0
182,BK29,201703,283755.0,555558.0
183,BK29,201704,350614.0,649886.0
184,BK29,201705,390195.0,688876.0
185,BK29,201706,210659.0,308647.0
186,BK29,201707,357380.0,519361.0
187,BK29,201708,461808.0,553083.0
188,BK29,201709,362201.0,445107.0
189,BK29,201710,488223.0,595426.0
190,BK29,201711,420372.0,547297.0
191,BK29,201712,209452.0,279500.0
192,BK31,201601,955732.0,1251364.0
193,BK31,201602,917672.0,1260676.0
194,BK31,201603,1063971.0,1429320.0
195,BK31,201604,982677.0,1355228.0
196,BK31,201605,981512.0,1375385.0
197,BK31,201606,541868.0,740609.0
198,BK31,201607,731890.0,971286.0
199,BK31,201608,925872.0,1260720.0
200,BK31,201609,967226.0,1337866.0
201,BK31,201610,1002436.0,1386157.0
202,BK31,201611,989633.0,1362335.0
203,BK31,201612,738712.0,1012652.0
204,BK31,201701,902359.0,1166287.0
205,BK31,201702,595397.0,786223.0
206,BK31,201703,700036.0,938262.0
207,BK31,201704,826012.0,1098243.0
208,BK31,201705,817395.0,996043.0
209,BK31,201706,431770.0,543015.0
210,BK31,201707,704795.0,872792.0
211,BK31,201708,726251.0,904517.0
212,BK31,201709,580872.0,739284.0
213,BK31,201710,1287105.0416666667,1779927.5833333333
214,BK31,201711,813407.0,1083286.0
215,BK31,201712,436344.0,575750.0
216,BK32,201601,161867984.484375,161647978.54166666
217,BK32,201602,1173788491.0,283860718.0
218,BK32,201603,266140249.625,554356364.0
219,BK32,201604,134660744.0,571201569.0
220,BK32,201605,153110209.0,607440926.0
221,BK32,201606,277266.0,134603441.0
222,BK32,201607,314509.0,531113.0
223,BK32,201608,418812.0,689889.0
224,BK32,201609,435059.0,134941761.0
225,BK32,201610,991056.0,1452113.0
226,BK32,201611,512999.0,1101385.0
227,BK32,201612,333528.0,585186.0
228,BK32,201701,1533729.0,3633188.0
229,BK32,201702,332040.0,134684348.0
230,BK32,201703,357905.0,134856707.0
231,BK32,201704,450476.0,770378.0
232,BK32,201705,500321.0,933610.0
233,BK32,201706,263044.0,101091273.0
234,BK32,201707,460112.0,768634.0
235,BK32,201708,474977.0,134995182.0
236,BK32,201709,365176.0,619454.0
237,BK32,201710,486295.0,835305.0
238,BK32,201711,453006.0,781444.0
239,BK32,201712,228962.0,398334.0
240,BK33,201601,354382.0,454062.0
241,BK33,201602,378705.0,494888.0
242,BK33,201603,787999.0,714122.0
243,BK33,201604,398084.0,524958.0
244,BK33,201605,375627.0,509217.0
245,BK33,201606,350714.0,319788.0
246,BK33,201607,267668.0,350479.0
247,BK33,201608,389358.0,1001595.0
248,BK33,201609,362573.0,489948.0
249,BK33,201610,728727.0,546716.2638888889
250,BK33,201611,365009.0,501825.0
251,BK33,201612,271449.0,366785.0
252,BK33,201701,370004.0,504826.0
253,BK33,201702,270911.0,359409.0
254,BK33,201703,300029.0,411011.0
255,BK33,201704,469066.0,965029.0
256,BK33,201705,396192.0,537339.0
257,BK33,201706,202355.0,275017.0
258,BK33,201707,339921.0,439701.0
259,BK33,201708,483684.5,686264.3333333334
260,BK33,201709,303833.0,395947.0
261,BK33,201710,413188.0,548196.0
262,BK33,201711,409673.0,537875.0
263,BK33,201712,202965.0,273790.0
264,BK34,201601,113479.0,138500.0
265,BK34,201602,112616.0,140466.0
266,BK34,201603,136657.02430555556,133809.88527199076
267,BK34,201604,126012.0,148284.0
268,BK34,201605,131214.0,150100.0
269,BK34,201606,61745.0,81427.0
270,BK34,201607,97812.0,115599.0
271,BK34,201608,124118.0,146302.0
272,BK34,201609,123933.0,154007.0
273,BK34,201610,129986.0,156415.0
274,BK34,201611,125159.0,154603.0
275,BK34,201612,91451.0,116051.0
276,BK34,201701,116701.0,143396.0
277,BK34,201702,79889.0,100655.0
278,BK34,201703,96251.0,116159.0
279,BK34,201704,108426.0,137037.0
280,BK34,201705,126275.0,131060.0
281,BK34,201706,66112.0,76901.0
282,BK34,201707,121376.0,138330.0
283,BK34,201708,120552.0,142802.0
284,BK34,201709,93030.0,111850.0
285,BK34,201710,128076.0,147773.0
286,BK34,201711,119150.0,145756.0
287,BK34,201712,58835.0,72556.0
288,BK37,201601,1904355.0,2563689.0
289,BK37,201602,2009146.0,2782379.0
290,BK37,201603,19178940.0,8257417.78125
291,BK37,201604,1844343.0,2508121.0
292,BK37,201605,14049198.0,8359431.0
293,BK37,201606,976534.0,1341480.0
294,BK37,201607,1315726.0,1771773.0
295,BK37,201608,1721872.0,2304289.0
296,BK37,201609,5517261.5,5693731.438802083
297,BK37,201610,1907809.0,2554534.0
298,BK37,201611,1999860.0,2687247.0
299,BK37,201612,1598767.0,2102717.0
300,BK37,201701,1942732.0,2609599.0
301,BK37,201702,1371924.0,1842360.0
302,BK37,201703,1570130.0,2096495.0
303,BK37,201704,2745812.0,2499675.0
304,BK37,201705,1857240.0,2629152.0
305,BK37,201706,940549.0,1303495.0
306,BK37,201707,1616896.0,2046247.0
307,BK37,201708,1672354.0,2102057.0
308,BK37,201709,1349658.0,1843384.0
309,BK37,201710,15449805.0,28569379.0
310,BK37,201711,13984047.0,16261361.0
311,BK37,201712,1039071.0,1413449.0
312,BK38,201601,2069263.0,3010492.0
313,BK38,201602,18140263.0,69154721.0
314,BK38,201603,2394196.0,3517686.0
315,BK38,201604,2213310.0,3180524.0
316,BK38,201605,7156445.0,11492036.0
317,BK38,201606,6367990.21875,189706963.70833334
318,BK38,201607,9640567.25,189706963.70833334
319,BK38,201608,2093062.0,3004539.0
320,BK38,201609,2912946.0,6959523.0
321,BK38,201610,7561902.0,4607599.0
322,BK38,201611,2211671.0,3342455.0
323,BK38,201612,10690545.0,12581791.0
324,BK38,201701,2107950.0,3137510.0
325,BK38,201702,1541093.0,2310584.0
326,BK38,201703,1760129.0,2651903.0
327,BK38,201704,2091567.0,3074214.0
328,BK38,201705,4279820.0,101578316.0
329,BK38,201706,1118119.0,1676957.0
330,BK38,201707,1945448.0,2830374.0
331,BK38,201708,8800218.0,13196708.0
332,BK38,201709,1635130.0,2897286.0
333,BK38,201710,2151432.0,3258834.0
334,BK38,201711,2126825.0,3305166.0
335,BK38,201712,1895615.0,2969394.0
336,BK40,201601,243463.0,505189.0
337,BK40,201602,67114794.0,268383965.0
338,BK40,201603,366881.0,2754047.0
339,BK40,201604,1775009.0,2356356.0
340,BK40,201605,260628.0,482814.0
341,BK40,201606,138473.0,247687.0
342,BK40,201607,181821.0,317064.0
343,BK40,201608,4825421.0,12215192.0
344,BK40,201609,67470024.0,268954432.0
345,BK40,201610,252498.0,461229.0
346,BK40,201611,249409.0,454086.0
347,BK40,201612,198980.0,320340.0
348,BK40,201701,259192.0,425777.0
349,BK40,201702,190132.0,303770.0
350,BK40,201703,222419.0,367060.0
351,BK40,201704,264187.0,429332.0
352,BK40,201705,291633.0,491103.0
353,BK40,201706,162339.0,295985.0
354,BK40,201707,16986974.0,76461165.88541667
355,BK40,201708,190108.0,465866.0
356,BK40,201709,16908955.0,116325647.25
357,BK40,201710,33934263.0,67335991.0
358,BK40,201711,297886.0,117727626.0
359,BK40,201712,103415.0,261753.0
360,BK42,201601,809679.0,1265542.0
361,BK42,201602,795763.0,1247601.0
362,BK42,201603,931619.0,1487992.0
363,BK42,201604,849830.0,1386985.0
364,BK42,201605,849083.0,1416886.0
365,BK42,201606,458817.0,744295.0
366,BK42,201607,625828.0,1007706.0
367,BK42,201608,808753.0,1322895.0
368,BK42,201609,860878.0,1412077.0
369,BK42,201610,863163.0,1392545.0
370,BK42,201611,927886.0,1437551.0
371,BK42,201612,664126.0,1048577.0
372,BK42,201701,872126.0,1346322.0
373,BK42,201702,613809.0,953453.0
374,BK42,201703,686321.0,1107105.0
375,BK42,201704,832204.0,1317284.0
376,BK42,201705,911388.0,1459577.0
377,BK42,201706,455186.0,747393.0
378,BK42,201707,778986.0,1264678.0
379,BK42,201708,3488695.0815972225,1278484.7315538193
380,BK42,201709,660599.0,1070617.0
381,BK42,201710,902685.0,1442885.0
382,BK42,201711,910853.0,1398805.0
383,BK42,201712,440112.0,708269.0
384,BK43,201601,109390.0,200682.0
385,BK43,201602,115709.0,206215.0
386,BK43,201603,133234.0,254227.0
387,BK43,201604,111957.0,223292.0
388,BK43,201605,155998.20833333334,680604.7760416666
389,BK43,201606,61595.0,121309.0
390,BK43,201607,81193.0,159858.0
391,BK43,201608,241622.0,339845.0
392,BK43,201609,125683.0,235076.0
393,BK43,201610,158097.0,329199.0
394,BK43,201611,138175.0,243262.0
395,BK43,201612,101071.0,183108.0
396,BK43,201701,123800.0,227384.0
397,BK43,201702,99635.0,175078.0
398,BK43,201703,107230.0,195902.0
399,BK43,201704,113632.0,218162.0
400,BK43,201705,131303.0,246669.0
401,BK43,201706,282864.0,286424.0
402,BK43,201707,104945.0,201395.0
403,BK43,201708,143167.88368055556,289880.24066840275
404,BK43,201709,101405.0,186307.0
405,BK43,201710,145048.0,255980.0
406,BK43,201711,143594.0,248555.0
407,BK43,201712,148806.0,194793.0
408,BK44,201601,526368.0,631786.0
409,BK44,201602,528915.0,604819.0
410,BK44,201603,588546.0,696623.0
411,BK44,201604,518787.0,624893.0
412,BK44,201605,548353.0,646387.0
413,BK44,201606,311675.0,355241.0
414,BK44,201607,403934.0,463341.0
415,BK44,201608,537390.0,618916.0
416,BK44,201609,1123586.4583333333,1251953.4201388888
417,BK44,201610,551373.0,635090.0
418,BK44,201611,587313.0,658501.0
419,BK44,201612,737662.2274305555,928426.8543113425
420,BK44,201701,571177.0,635902.0
421,BK44,201702,406536.0,454658.0
422,BK44,201703,444158.0,518397.0
423,BK44,201704,521679.0,603894.0
424,BK44,201705,2431688.0,2720257.0
425,BK44,201706,296572.0,401729.0
426,BK44,201707,614449.0,807228.0
427,BK44,201708,473541.0,698814.0
428,BK44,201709,379141.0,558969.0
429,BK44,201710,523957.0,773814.0
430,BK44,201711,544330.0,755879.0
431,BK44,201712,270563.0,383897.0
432,BK50,201601,63669.0,290108.0
433,BK50,201602,59542.0,287081.0
434,BK50,201603,68382.0,345426.0
435,BK50,201604,63269.0,291957.0
436,BK50,201605,74269.0,327184.0
437,BK50,201606,43696.0,176788.0
438,BK50,201607,61214.0,224510.0
439,BK50,201608,98250.0,501481.0104166667
440,BK50,201609,85720.0,329964.0
441,BK50,201610,80320.0,329744.0
442,BK50,201611,134597.0,580422.0
443,BK50,201612,52642.0,234036.0
444,BK50,201701,71361.0,304454.0
445,BK50,201702,42495.0,191019.0
446,BK50,201703,57533.0,251881.0
447,BK50,201704,70921.0,302854.0
448,BK50,201705,143462.0,591097.0
449,BK50,201706,43059.0,171462.0
450,BK50,201707,77197.0,288336.0
451,BK50,201708,81783.0,304865.0
452,BK50,201709,61827.0,246577.0
453,BK50,201710,85173.0,333556.0
454,BK50,201711,65855.0,306712.0
455,BK50,201712,31417.0,152865.0
456,BK60,201601,25251904.0,2209119.535300926
457,BK60,201602,377698.0,654688.0
458,BK60,201603,429062.0,767171.0
459,BK60,201604,406883.0,732334.0
460,BK60,201605,398252.0,732045.0
461,BK60,201606,10132250.0,11433649.0
462,BK60,201607,313630.0,546690.0
463,BK60,201608,396364.0,686905.0
464,BK60,201609,405714.0,734678.0
465,BK60,201610,401032.0,735516.0
466,BK60,201611,417123.0,722541.0
467,BK60,201612,318228.0,544036.0
468,BK60,201701,428427.0,719157.0
469,BK60,201702,302250.0,512808.0
470,BK60,201703,327542.0,588121.0
471,BK60,201704,415217.0,752823.0
472,BK60,201705,431566.0,787277.0
473,BK60,201706,3246327.9635416665,4811903.847222222
474,BK60,201707,411092.0,716851.0
475,BK60,201708,411024.0,731032.0
476,BK60,201709,314640.0,585017.0
477,BK60,201710,425666.0,788779.0
478,BK60,201711,423031.0,738797.0
479,BK60,201712,210047.0,380047.0
480,BK61,201601,7702875.404513889,2611055.1892361115
481,BK61,201602,1127338.0,1614673.0
482,BK61,201603,1096965.0,1631366.0
483,BK61,201604,1879106.0,1951269.4662181714
484,BK61,201605,1027681.0,1546635.0
485,BK61,201606,549217.0,848933.0
486,BK61,201607,751245.0,1111132.0
487,BK61,201608,990395.0,1461528.0
488,BK61,201609,1022402.0,1514250.0
489,BK61,201610,1090468.0,1670998.0
490,BK61,201611,1123887.0,1660568.0
491,BK61,201612,837900.0,1245054.0
492,BK61,201701,1142942.0,2039519.0
493,BK61,201702,789107.0,1161436.0
494,BK61,201703,870680.0,1306705.0
495,BK61,201704,1008881.0,1551483.0
496,BK61,201705,1103123.0,1681564.0
497,BK61,201706,570783.0,864986.0
498,BK61,201707,936534.0,1368917.0
499,BK61,201708,977300.0,1429085.0
500,BK61,201709,781029.0,1149789.0
501,BK61,201710,1095819.0,1607068.0
502,BK61,201711,1065131.0,1489694.0
503,BK61,201712,545068.0,764315.0
504,BK63,201601,103593.0,95987.0
505,BK63,201602,107362.0,101941.0
506,BK63,201603,97244.0,94081.0
507,BK63,201604,91621.0,93334.0
508,BK63,201605,102113.0,101563.0
509,BK63,201606,48170.0,49936.0
510,BK63,201607,65273.0,65929.0
511,BK63,201608,85940.0,88340.0
512,BK63,201609,105057.0,102314.0
513,BK63,201610,100018.0,99927.0
514,BK63,201611,112113.0,105632.0
515,BK63,201612,79917.0,76385.0
516,BK63,201701,108199.0,102005.0
517,BK63,201702,78199.0,74587.0
518,BK63,201703,88983.0,86381.0
519,BK63,201704,90483.0,92836.0
520,BK63,201705,104446.0,105281.0
521,BK63,201706,49715.0,51217.0
522,BK63,201707,80122.0,83470.0
523,BK63,201708,85462.0,89600.0
524,BK63,201709,74829.0,75698.0
525,BK63,201710,106165.0,106083.0
526,BK63,201711,110568.0,105208.0
527,BK63,201712,55040.0,54457.0
528,BK68,201601,878702.0,1495255.0
529,BK68,201602,899306.0,1595146.0
530,BK68,201603,1015513.0,1812509.0
531,BK68,201604,954072.0,1718368.0
532,BK68,201605,978609.0,1781035.0
533,BK68,201606,15393135.0,2565152.158998843
534,BK68,201607,673142.0,1236916.0
535,BK68,201608,928565.0,1668756.0
536,BK68,201609,936084.0,1750306.0
537,BK68,201610,959102.0,1788491.0
538,BK68,201611,928385.0,1737402.0
539,BK68,201612,720710.0,1305747.0
540,BK68,201701,2167284.0,2493973.0
541,BK68,201702,656440.0,1215227.0
542,BK68,201703,728616.0,1366919.0
543,BK68,201704,905755.0,1686904.0
544,BK68,201705,950793.0,1744599.0
545,BK68,201706,478294.0,877606.0
546,BK68,201707,5418712.0,8385682.0
547,BK68,201708,3713579.7916666665,4905243.815972223
548,BK68,201709,809805.0,1383340.0
549,BK68,201710,1068169.0,1876947.0
550,BK68,201711,979873.0,1734942.0
551,BK68,201712,514578.0,913378.0
552,BK69,201601,296751.0,523658.0
553,BK69,201602,292938.0,533448.0
554,BK69,201603,305734.0,587841.0
555,BK69,201604,275913.0,555094.0
556,BK69,201605,282834.0,2720806.0
557,BK69,201606,143724.0,278443.0
558,BK69,201607,197343.0,378013.0
559,BK69,201608,269342.0,504047.0
560,BK69,201609,282195.0,557479.0
561,BK69,201610,293806.0,572587.0
562,BK69,201611,311805.0,561755.0
563,BK69,201612,236852.0,84405876.0
564,BK69,201701,351522.0,134773957.0
565,BK69,201702,220451.0,389380.0
566,BK69,201703,240572.0,454887.0
567,BK69,201704,279710.0,536802.0
568,BK69,201705,302169.0,569868.0
569,BK69,201706,152410.0,286357.0
570,BK69,201707,265716.0,134730084.0
571,BK69,201708,276108.0,503831.0
572,BK69,201709,229245.0,434831.0
573,BK69,201710,308787.0,583075.0
574,BK69,201711,329549.0,588580.0
575,BK69,201712,166107.0,279425.0
576,BK72,201601,28947.0,75645.0
577,BK72,201602,28046.0,87480.0
578,BK72,201603,34953.0,77012.0
579,BK72,201604,32812.0,67668.0
580,BK72,201605,32869.0,70812.0
581,BK72,201606,17413.0,38410.0
582,BK72,201607,23317.0,53197.0
583,BK72,201608,30615.0,59580.0
584,BK72,201609,32345.0,64443.0
585,BK72,201610,32834.0,66438.0
586,BK72,201611,30844.0,67101.0
587,BK72,201612,22844.0,43748.0
588,BK72,201701,30572.0,65198.0
589,BK72,201702,20600.0,46935.0
590,BK72,201703,25398.0,54973.0
591,BK72,201704,30391.0,65948.0
592,BK72,201705,34882.0,77433.0
593,BK72,201706,16044.0,34908.0
594,BK72,201707,29493.0,61047.0
595,BK72,201708,33332.0,63076.0
596,BK72,201709,26490.0,50787.0
597,BK72,201710,35994.0,74435.0
598,BK72,201711,33398.0,83492.0
599,BK72,201712,17226.0,37298.0
600,BK73,201601,403466.0,587558.0
601,BK73,201602,372553.0,547558.0
602,BK73,201603,1187689.8333333333,1949823.203125
603,BK73,201604,464917.0,677981.0
604,BK73,201605,526400.2430555555,3960633.0
605,BK73,201606,248161.0,356381.0
606,BK73,201607,354179.0,489446.0
607,BK73,201608,474128.0,660382.0
608,BK73,201609,477046.0,689286.0
609,BK73,201610,483213.0,696387.0
610,BK73,201611,451761.0,658538.0
611,BK73,201612,342583.0,494821.0
612,BK73,201701,433943.0,626598.0
613,BK73,201702,312136.0,1316501.6282552083
614,BK73,201703,349942.0,508246.0
615,BK73,201704,451275.0,640805.0
616,BK73,201705,501807.0,740339.0
617,BK73,201706,259363.0,365392.0
618,BK73,201707,351367.0,512696.0
619,BK73,201708,367248.0,542243.0
620,BK73,201709,252730.0,449201.0
621,BK73,201710,371655.0,607111.0
622,BK73,201711,387098.0,566762.0
623,BK73,201712,212992.0,298452.0
624,BK75,201601,1295382.0,1578179.0
625,BK75,201602,18422172.0,24690013.75
626,BK75,201603,3145124.0,3324574.0
627,BK75,201604,1245817.0,1648455.0
628,BK75,201605,20175842.0,11665294.65625
629,BK75,201606,669893.0,878105.0
630,BK75,201607,947809.0,1200921.0
631,BK75,201608,11176226.333333334,7187645.18359375
632,BK75,201609,1237568.0,1630054.0
633,BK75,201610,1253902.0,1669831.0
634,BK75,201611,1332129.0,1677078.0
635,BK75,201612,986548.0,1240087.0
636,BK75,201701,1330890.0,1650842.0
637,BK75,201702,959262.0,1175321.0
638,BK75,201703,1016498.0,1318191.0
639,BK75,201704,1238714.0,1617252.0
640,BK75,201705,1176240.0,1589918.0
641,BK75,201706,2384421.0,3042700.0
642,BK75,201707,1226411.0,1518823.0
643,BK75,201708,1234642.0,1570878.0
644,BK75,201709,1002847.0,1286901.0
645,BK75,201710,1325056.0,1731922.0
646,BK75,201711,1368329.0,1699155.0
647,BK75,201712,716384.0,886257.0
648,BK76,201601,162861.0,233689.0
649,BK76,201602,163804.0,235098.0
650,BK76,201603,166416.0,245132.0
651,BK76,201604,139914.0,210064.0
652,BK76,201605,150405.0,223012.0
653,BK76,201606,80287.0,118052.0
654,BK76,201607,111890.0,160402.0
655,BK76,201608,147179.0,212779.0
656,BK76,201609,148090.0,218823.0
657,BK76,201610,152337.0,226821.0
658,BK76,201611,161558.0,235918.0
659,BK76,201612,121326.0,176428.0
660,BK76,201701,168553.0,242888.0
661,BK76,201702,136528.0,202369.0
662,BK76,201703,217973.0,380393.0
663,BK76,201704,236984.0,418579.0
664,BK76,201705,242919.0,437366.0
665,BK76,201706,113582.0,200929.0
666,BK76,201707,238540.0,400998.0
667,BK76,201708,249975.0,426851.0
668,BK76,201709,253002.0,318083.2916666667
669,BK76,201710,254897.0,447607.0
670,BK76,201711,280671.0,475237.0
671,BK76,201712,135964.0,234166.0
672,BK77,201601,648846.0,1159300.0
673,BK77,201602,634129.0,1172713.0
674,BK77,201603,700803.0,1300725.0
675,BK77,201604,594174.0,1179538.0
676,BK77,201605,583648.0,1145013.0
677,BK77,201606,357584.0,648460.0
678,BK77,201607,490657.0,896321.0
679,BK77,201608,636248.0,1165464.0
680,BK77,201609,662276.0,1222460.0
681,BK77,201610,679130.0,1255864.0
682,BK77,201611,1397766.7604166667,3193568.5173611105
683,BK77,201612,525193.0,932866.0
684,BK77,201701,685622.0,1217366.0
685,BK77,201702,490811.0,877856.0
686,BK77,201703,536377.0,1016197.0
687,BK77,201704,620388.0,1202656.0
688,BK77,201705,653686.0,1252209.0
689,BK77,201706,354351.0,674280.0
690,BK77,201707,619725.0,1309283.0
691,BK77,201708,626188.0,1349870.0
692,BK77,201709,463904.0,1016895.0
693,BK77,201710,1397766.7604166667,3193568.5173611105
694,BK77,201711,600202.0,1296540.0
695,BK77,201712,663886.0,3457320.0
696,BK78,201601,687147.0,1460398.0
697,BK78,201602,646807.0,1394228.0
698,BK78,201603,724636.0,1593707.0
699,BK78,201604,727494.0,1630866.0
700,BK78,201605,707648.0,1587924.0
701,BK78,201606,362911.0,806660.0
702,BK78,201607,501745.0,1091974.0
703,BK78,201608,641641.0,1410309.0
704,BK78,201609,686721.0,1512516.0
705,BK78,201610,689942.0,1534195.0
706,BK78,201611,673825.0,1471081.0
707,BK78,201612,761971.125,1599830.6666666667
708,BK78,201701,688670.0,1457784.0
709,BK78,201702,490667.0,1044983.0
710,BK78,201703,551559.0,1194934.0
711,BK78,201704,631791.0,1418853.0
712,BK78,201705,671664.0,1508815.0
713,BK78,201706,361707.0,801760.0
714,BK78,201707,638262.0,1388825.0
715,BK78,201708,672472.0,1452654.0
716,BK78,201709,526585.0,1171062.0
717,BK78,201710,711618.0,1592033.0
718,BK78,201711,705181.0,1510674.0
719,BK78,201712,480999.0,813530.0
720,BK79,201601,372517.0,604686.0
721,BK79,201602,339654.0,575825.0
722,BK79,201603,410486.0,673574.0
723,BK79,201604,485090.0,786533.0
724,BK79,201605,551353.0,842699.0
725,BK79,201606,272676.0,413639.0
726,BK79,201607,381393.0,584158.0
727,BK79,201608,506261.0,787078.0
728,BK79,201609,838062.0,943223.0
729,BK79,201610,513755.0,782765.0
730,BK79,201611,521362.0,773237.0
731,BK79,201612,394983.0,590882.0
732,BK79,201701,516285.0,768701.0
733,BK79,201702,648194.0,771616.0
734,BK79,201703,410485.0,631316.0
735,BK79,201704,479270.0,745294.0
736,BK79,201705,536790.0,826547.0
737,BK79,201706,261803.0,406837.0
738,BK79,201707,451628.0,688071.0
739,BK79,201708,467503.0,715314.0
740,BK79,201709,378545.0,580247.0
741,BK79,201710,529868.0416666666,887701.5
742,BK79,201711,499321.0,749047.0
743,BK79,201712,250915.0,378309.0
744,BK81,201601,1776550.0,982697.2320601852
745,BK81,201602,533333.0,971513.0
746,BK81,201603,595457.0,1097526.0
747,BK81,201604,437826.0,779319.0
748,BK81,201605,464879.0,825780.0
749,BK81,201606,243464.0,413964.0
750,BK81,201607,352142.0,559670.0
751,BK81,201608,1854881.3333333333,2297022.6666666665
752,BK81,201609,526091.0,839004.0
753,BK81,201610,472900.0,646764.0
754,BK81,201611,468931.0,636655.0
755,BK81,201612,383884.0,492196.0
756,BK81,201701,475190.0,607023.0
757,BK81,201702,332158.0,425599.0
758,BK81,201703,391952.0,508376.0
759,BK81,201704,999613.0,1246612.0
760,BK81,201705,1854881.3333333333,1442865.9027777778
761,BK81,201706,285272.0,355200.0
762,BK81,201707,644542.0,738149.0
763,BK81,201708,673260.0,777465.0
764,BK81,201709,545985.0,642078.0
765,BK81,201710,694818.0,817502.0
766,BK81,201711,725044.0,820100.0
767,BK81,201712,727807.0,573522.0
768,BK82,201601,339183.0,647584.0
769,BK82,201602,328421.0,656263.0
770,BK82,201603,380481.0,742931.0
771,BK82,201604,348319.0,678063.0
772,BK82,201605,374082.0,717766.0
773,BK82,201606,195285.0,371936.0
774,BK82,201607,264383.0,498444.0
775,BK82,201608,707320.140625,876653.263816551
776,BK82,201609,356883.0,695165.0
777,BK82,201610,363792.0,701133.0
778,BK82,201611,357719.0,695927.0
779,BK82,201612,266382.0,523272.0
780,BK82,201701,344692.0,660618.0
781,BK82,201702,240748.0,462488.0
782,BK82,201703,3164216.0,876653.263816551
783,BK82,201704,346232.0,663657.0
784,BK82,201705,382149.0,733988.0
785,BK82,201706,415425.0,1191248.0
786,BK82,201707,339564.0,617031.0
787,BK82,201708,348147.0,641598.0
788,BK82,201709,281516.0,523758.0
789,BK82,201710,379036.0,708910.0
790,BK82,201711,363339.0,694849.0
791,BK82,201712,179128.0,341481.0
792,BK83,201601,438700.0,559810.0
793,BK83,201602,442683.0,579453.0
794,BK83,201603,517101.0,682899.0
795,BK83,201604,569226.0,702200.0
796,BK83,201605,617179.0,744976.0
797,BK83,201606,309434.0,379129.0
798,BK83,201607,445883.0,534703.0
799,BK83,201608,3534770.0,3680648.0
800,BK83,201609,587243.0,720319.0
801,BK83,201610,1001913.1458333334,1767075.9166666667
802,BK83,201611,627834.0,742755.0
803,BK83,201612,474504.0,564365.0
804,BK83,201701,581809.0,679568.0
805,BK83,201702,389684.0,462095.0
806,BK83,201703,1797436.0,1076719.2915219907
807,BK83,201704,519248.0,619564.0
808,BK83,201705,1459744.5,1376781.0798611112
809,BK83,201706,289740.0,348517.0
810,BK83,201707,678840.0,769923.0
811,BK83,201708,525795.0,624811.0
812,BK83,201709,423759.0,505628.0
813,BK83,201710,568537.0,680402.0
814,BK83,201711,529548.0,639103.0
815,BK83,201712,275947.0,328125.0
816,BK85,201601,13854.875,35980.5
817,BK85,201602,11207.0,27481.0
818,BK85,201603,15177.0,39064.0
819,BK85,201604,12736.0,32976.0
820,BK85,201605,14330.0,38901.0
821,BK85,201606,7498.0,21048.0
822,BK85,201607,10956.0,26731.0
823,BK85,201608,14304.0,34349.0
824,BK85,201609,16415.0,42267.0
825,BK85,201610,16346.0,44496.0
826,BK85,201611,16668.0,46408.0
827,BK85,201612,12816.0,35133.0
828,BK85,201701,18407.0,46525.0
829,BK85,201702,12197.0,31870.0
830,BK85,201703,14376.0,37502.0
831,BK85,201704,15427.0,41880.0
832,BK85,201705,17406.0,46578.0
833,BK85,201706,9752.0,25110.0
834,BK85,201707,16241.0,41401.0
835,BK85,201708,16941.0,43146.0
836,BK85,201709,14409.0,36480.0
837,BK85,201710,19671.0,50221.0
838,BK85,201711,19300.0,49270.0
839,BK85,201712,9928.0,24689.0
840,BK88,201601,65870.0,134903.0
841,BK88,201602,68306.0,122339.0
842,BK88,201603,80203.0,137415.0
843,BK88,201604,185943.7881944444,67232526.0
844,BK88,201605,64241.0,119653.0
845,BK88,201606,185943.7881944444,66068762.0
846,BK88,201607,60063.0,104719.0
847,BK88,201608,83548.0,138948.0
848,BK88,201609,89418.0,148849.0
849,BK88,201610,81504.0,141622.0
850,BK88,201611,76377.0,144700.0
851,BK88,201612,160987.0,65878217.0
852,BK88,201701,74139.0,146654.0
853,BK88,201702,50742.0,103413.0
854,BK88,201703,57524.0,118383.0
855,BK88,201704,68769.0,135793.0
856,BK88,201705,74496.0,150653.0
857,BK88,201706,38826.0,79316.0
858,BK88,201707,66422.0,13284943.625
859,BK88,201708,70322.0,134555.0
860,BK88,201709,50760.0,104814.0
861,BK88,201710,72324.0,147941.0
862,BK88,201711,72365.0,155372.0
863,BK88,201712,36068.0,79463.0
864,BK90,201601,245615.0,522765.0
865,BK90,201602,2812228.0,5340257.0
866,BK90,201603,250969.0,579714.0
867,BK90,201604,131726439.375,134056005.70833333
868,BK90,201605,237162.0,556381.0
869,BK90,201606,127218.0,293469.0
870,BK90,201607,176392.0,396851.0
871,BK90,201608,223366.0,507486.0
872,BK90,201609,3863685.0,1358450.0
873,BK90,201610,243115.0,548971.0
874,BK90,201611,49823455.515625,18122357.251229744
875,BK90,201612,190842.0,394358.0
876,BK90,201701,254074.0,537471.0
877,BK90,201702,179064.0,378819.0
878,BK90,201703,167314003.0,50837265.32118055
879,BK90,201704,224747.0,540405.0
880,BK90,201705,231462.0,529608.0
881,BK90,201706,129080.0,290690.0
882,BK90,201707,233262.0,492824.0
883,BK90,201708,235845.0,505758.0
884,BK90,201709,185903.0,413307.0
885,BK90,201710,253502.0,568521.0
886,BK90,201711,256858.0,540129.0
887,BK90,201712,137948.0,284770.0
888,BK91,201601,110044.0,182166.0
889,BK91,201602,107576.0,187134.0
890,BK91,201603,122558.0,212948.0
891,BK91,201604,107656.0,187675.0
892,BK91,201605,116590.0,202555.0
893,BK91,201606,60119.0,104565.0
894,BK91,201607,82584.0,140159.0
895,BK91,201608,110026.0,185643.0
896,BK91,201609,115971.0,197460.0
897,BK91,201610,115255.0,196762.0
898,BK91,201611,108671.0,190797.0
899,BK91,201612,81773.0,142024.0
900,BK91,201701,105922.0,182409.0
901,BK91,201702,73716.0,128997.0
902,BK91,201703,88792.0,154133.0
903,BK91,201704,105199.0,182172.0
904,BK91,201705,115775.0,200278.0
905,BK91,201706,59238.0,102362.0
906,BK91,201707,102187.0,174663.0
907,BK91,201708,106890.0,183038.0
908,BK91,201709,85330.0,146695.0
909,BK91,201710,116393.0,199605.0
910,BK91,201711,105829.0,187006.0
911,BK91,201712,51907.0,95022.0
912,BK95,201601,75720.0,178837.0
913,BK95,201602,72245.0,175285.0
914,BK95,201603,82339.0,205628.0
915,BK95,201604,72486.0,180716.0
916,BK95,201605,7646179.982638889,1629139.8444733797
917,BK95,201606,7646179.982638889,10963917.850694444
918,BK95,201607,55769.0,139887.0
919,BK95,201608,73920.0,183744.0
920,BK95,201609,4758523.0,1083684.0
921,BK95,201610,4776915.0,1093529.0
922,BK95,201611,83739.0,190871.0
923,BK95,201612,66450.0,148486.0
924,BK95,201701,86920.0,193590.0
925,BK95,201702,62370.0,138014.0
926,BK95,201703,66200.0,154768.0
927,BK95,201704,71595.0,184453.0
928,BK95,201705,76546.0,198426.0
929,BK95,201706,43829.0,105277.0
930,BK95,201707,74609.0,176364.0
931,BK95,201708,76893.0,186431.0
932,BK95,201709,57196.0,147475.0
933,BK95,201710,87767.0,206113.0
934,BK95,201711,88005.0,196499.0
935,BK95,201712,46809.0,102962.0
936,BK99,201601,112430.0,121184.0
937,BK99,201602,110008.0,121031.0
938,BK99,201603,114678.0,134880.0
939,BK99,201604,121866.0,152864.0
940,BK99,201605,103199.0,124369.0
941,BK99,201606,56436.0,65950.0
942,BK99,201607,101624.76388888888,130046.26634837962
943,BK99,201608,96768.0,111356.0
944,BK99,201609,98506.0,118996.0
945,BK99,201610,112002.0,140194.0
946,BK99,201611,107100.0,117321.0
947,BK99,201612,81533.0,90085.0
948,BK99,201701,125690.33333333333,159806.97569444447
949,BK99,201702,75483.0,81634.0
950,BK99,201703,86397.0,98794.0
951,BK99,201704,125831.0,157871.0
952,BK99,201705,147134.0,250284.0
953,BK99,201706,55101.0,65764.0
954,BK99,201707,98693.0,113488.0
955,BK99,201708,93451.0,108438.0
956,BK99,201709,72737.0,87112.0
957,BK99,201710,97627.0,118473.0
958,BK99,201711,94746.0,109828.0
959,BK99,201712,52013.0,59375.0
960,BX03,201601,93255.0,104215.0
961,BX03,201602,94002.0,106626.0
962,BX03,201603,104345.0,119814.0
963,BX03,201604,87551.0,98558.0
964,BX03,201605,94690.0,106092.0
965,BX03,201606,57239.0,62118.0
966,BX03,201607,75139.0,81965.0
967,BX03,201608,94943.0,105229.0
968,BX03,201609,97613.0,111131.0
969,BX03,201610,89148.0,102072.0
970,BX03,201611,93687.0,106860.0
971,BX03,201612,66453.0,75712.0
972,BX03,201701,95591.0,104243.0
973,BX03,201702,65508.0,73316.0
974,BX03,201703,75815.0,84946.0
975,BX03,201704,84223.0,95196.0
976,BX03,201705,95323.0,107682.0
977,BX03,201706,53373.0,59211.0
978,BX03,201707,85357.0,92460.0
979,BX03,201708,100338.0,105129.0
980,BX03,201709,84030.0,88340.0
981,BX03,201710,108220.0,113376.0
982,BX03,201711,99548.0,107359.0
983,BX03,201712,51724.0,56534.0
984,BX05,201601,231318.0,404636.0
985,BX05,201602,239359.0,421218.0
986,BX05,201603,288985.0,509605.0
987,BX05,201604,251910.0,449234.0
988,BX05,201605,271714.0,474446.0
989,BX05,201606,140632.0,240175.0
990,BX05,201607,236764.0,381340.0
991,BX05,201608,268263.0,445719.0
992,BX05,201609,276843.0,466126.0
993,BX05,201610,257451.0,451255.0
994,BX05,201611,259795.0,460275.0
995,BX05,201612,185556.0,339044.0
996,BX05,201701,230254.0,423794.0
997,BX05,201702,170281.0,312613.0
998,BX05,201703,244544.0,422239.0
999,BX05,201704,243420.0,435420.0
1000,BX05,201705,269820.0,484368.0
1001,BX05,201706,120304.0,206747.0
1002,BX05,201707,235325.0,415350.0
1003,BX05,201708,238998.0,428936.0
1004,BX05,201709,197956.0,355207.0
1005,BX05,201710,286715.0,484012.0
1006,BX05,201711,258533.0,455634.0
1007,BX05,201712,122122.0,223515.0
1008,BX07,201601,73184.0,214605.0
1009,BX07,201602,65531.0,207540.0
1010,BX07,201603,82176.0,244496.0
1011,BX07,201604,78843.0,229219.0
1012,BX07,201605,83974.0,239888.0
1013,BX07,201606,38048.0,117803.0
1014,BX07,201607,49985.0,157515.0
1015,BX07,201608,69351.0,209342.0
1016,BX07,201609,69770.0,220514.0
1017,BX07,201610,78259.0,229237.0
1018,BX07,201611,73792.0,221410.0
1019,BX07,201612,56745.0,172627.0
1020,BX07,201701,72242.0,216420.0
1021,BX07,201702,51036.0,145740.0
1022,BX07,201703,57413.0,171658.0
1023,BX07,201704,75846.0,218438.0
1024,BX07,201705,82948.0,242212.0
1025,BX07,201706,41620.0,123071.0
1026,BX07,201707,71522.0,207432.0
1027,BX07,201708,65390.0,196485.0
1028,BX07,201709,52410.0,159167.0
1029,BX07,201710,81560.0,232812.0
1030,BX07,201711,76778.0,216451.0
1031,BX07,201712,36205.0,106237.0
1032,BX08,201601,129702.0,155568.0
1033,BX08,201602,125728.0,154627.0
1034,BX08,201603,146415.0,182339.0
1035,BX08,201604,137778.0,171163.0
1036,BX08,201605,142505.0,177402.0
1037,BX08,201606,74271.0,90516.0
1038,BX08,201607,101768.0,123221.0
1039,BX08,201608,486045.75,910101.2413194445
1040,BX08,201609,194883.28125,2505259.0
1041,BX08,201610,140217.0,174315.0
1042,BX08,201611,265865.0,559309.418041088
1043,BX08,201612,104765.0,130111.0
1044,BX08,201701,135323.0,165258.0
1045,BX08,201702,93017.0,114843.0
1046,BX08,201703,110761.0,136539.0
1047,BX08,201704,134313.0,165730.0
1048,BX08,201705,147515.0,182326.0
1049,BX08,201706,77125.0,93051.0
1050,BX08,201707,131672.0,159991.0
1051,BX08,201708,134223.0,163719.0
1052,BX08,201709,108627.0,133411.0
1053,BX08,201710,142302.0,175169.0
1054,BX08,201711,130674.0,164379.0
1055,BX08,201712,67327.0,84580.0
1056,BX10,201601,110024.0,124341.0
1057,BX10,201602,107098.0,124803.0
1058,BX10,201603,126275.0,145063.0
1059,BX10,201604,111453.0,129633.0
1060,BX10,201605,112607.0,129354.0
1061,BX10,201606,65668.0,74927.0
1062,BX10,201607,84698.0,97971.0
1063,BX10,201608,116811.0,132003.0
1064,BX10,201609,124131.0,140495.0
1065,BX10,201610,122774.0,139702.0
1066,BX10,201611,111005.0,130845.0
1067,BX10,201612,83188.0,100620.0
1068,BX10,201701,116485.0,135746.0
1069,BX10,201702,81225.0,96056.0
1070,BX10,201703,96866.0,113283.0
1071,BX10,201704,116939.0,135279.0
1072,BX10,201705,130935.0,151662.0
1073,BX10,201706,69165.0,78522.0
1074,BX10,201707,114722.0,129368.0
1075,BX10,201708,122264.0,137221.0
1076,BX10,201709,98108.0,112536.0
1077,BX10,201710,129752.0,148422.0
1078,BX10,201711,114431.0,137380.0
1079,BX10,201712,58840.0,72509.0
1080,BX13,201601,10325.0,92343.0
1081,BX13,201602,9842.0,92691.0
1082,BX13,201603,10710.0,105616.0
1083,BX13,201604,9216.0,87187.0
1084,BX13,201605,10612.0,94946.0
1085,BX13,201606,6068.0,51419.0
1086,BX13,201607,7978.0,64446.0
1087,BX13,201608,9888.0,80554.0
1088,BX13,201609,11485.0,96378.0
1089,BX13,201610,10341.0,88855.0
1090,BX13,201611,11470.0,92085.0
1091,BX13,201612,8407.0,66027.0
1092,BX13,201701,12895.0,91791.0
1093,BX13,201702,8537.0,62115.0
1094,BX13,201703,9812.0,74284.0
1095,BX13,201704,11167.0,78003.0
1096,BX13,201705,11684.0,91651.0
1097,BX13,201706,6669.0,47382.0
1098,BX13,201707,11114.0,69040.0
1099,BX13,201708,13344.0,77692.0
1100,BX13,201709,11021.0,75059.0
1101,BX13,201710,14140.0,96295.0
1102,BX13,201711,13686.0,90387.0
1103,BX13,201712,7182.0,47469.0
1104,BX17,201601,255845.0,415203.0
1105,BX17,201602,250043.0,415143.0
1106,BX17,201603,299956.0,497040.0
1107,BX17,201604,296819.0,476641.0
1108,BX17,201605,325697.0,497868.0
1109,BX17,201606,166268.0,250054.0
1110,BX17,201607,223705.0,343174.0
1111,BX17,201608,297202.0,461846.0
1112,BX17,201609,627013.8333333334,757129.0416666666
1113,BX17,201610,299026.0,483970.0
1114,BX17,201611,272177.0,462588.0
1115,BX17,201612,196691.0,343379.0
1116,BX17,201701,251324.0,433976.0
1117,BX17,201702,179563.0,310523.0
1118,BX17,201703,221233.0,381700.0
1119,BX17,201704,271298.0,459125.0
1120,BX17,201705,284394.0,505024.0
1121,BX17,201706,147645.0,252209.0
1122,BX17,201707,627013.8333333334,572173.9184027778
1123,BX17,201708,293608.0,482189.0
1124,BX17,201709,219892.0,368149.0
1125,BX17,201710,294744.0,488617.0
1126,BX17,201711,256915.0,443996.0
1127,BX17,201712,123075.0,218997.0
1128,BX27,201601,177650.0,241717.0
1129,BX27,201602,172930.0,243564.0
1130,BX27,201603,205491.0,280712.0
1131,BX27,201604,191751.0,267223.0
1132,BX27,201605,197262.0,269749.0
1133,BX27,201606,105628.0,141037.0
1134,BX27,201607,139722.0,187655.0
1135,BX27,201608,187554.0,248783.0
1136,BX27,201609,195430.0,258285.0
1137,BX27,201610,200562.0,268371.0
1138,BX27,201611,189161.0,257902.0
1139,BX27,201612,142029.0,197056.0
1140,BX27,201701,187190.0,251028.0
1141,BX27,201702,128262.0,174699.0
1142,BX27,201703,154960.0,211179.0
1143,BX27,201704,185975.0,248555.0
1144,BX27,201705,208322.0,273795.0
1145,BX27,201706,112954.0,143842.0
1146,BX27,201707,188022.0,242806.0
1147,BX27,201708,192894.0,252476.0
1148,BX27,201709,156661.0,201107.0
1149,BX27,201710,216396.0,281430.0
1150,BX27,201711,197963.0,258463.0
1151,BX27,201712,103447.0,132067.0
1152,BX28,201601,248210.0,509945.0
1153,BX28,201602,254557.0,525964.0
1154,BX28,201603,295794.0,605402.0
1155,BX28,201604,267367.0,551566.0
1156,BX28,201605,367834.0,652143.0
1157,BX28,201606,145788.0,293342.0
1158,BX28,201607,199861.0,390697.0
1159,BX28,201608,257132.0,510550.0
1160,BX28,201609,279311.0,564526.0
1161,BX28,201610,281493.0,573335.0
1162,BX28,201611,279706.0,568516.0
1163,BX28,201612,196072.0,412618.0
1164,BX28,201701,250442.0,520999.0
1165,BX28,201702,185565.0,376999.0
1166,BX28,201703,201375.0,417846.0
1167,BX28,201704,249645.0,514748.0
1168,BX28,201705,332518.78819444444,1176787.279658565
1169,BX28,201706,136119.0,284817.0
1170,BX28,201707,239115.0,484834.0
1171,BX28,201708,332518.78819444444,3497865.0
1172,BX28,201709,210601.0,2492438.6284722225
1173,BX28,201710,293444.0,594489.0
1174,BX28,201711,254879.0,531701.0
1175,BX28,201712,128745.0,274550.0
1176,BX29,201601,69904.0,262373.0
1177,BX29,201602,70560.0,269075.0
1178,BX29,201603,74444.0,301561.0
1179,BX29,201604,73395.0,293365.0
1180,BX29,201605,66106.0,277592.0
1181,BX29,201606,35476.0,145012.0
1182,BX29,201607,60465.0,225287.0
1183,BX29,201608,76487.0,292823.0
1184,BX29,201609,76445.0,309831.0
1185,BX29,201610,78766.0,315871.0
1186,BX29,201611,82446.0,308522.0
1187,BX29,201612,58950.0,222485.0
1188,BX29,201701,75002.0,287836.0
1189,BX29,201702,44243.0,174111.0
1190,BX29,201703,54421.0,228177.0
1191,BX29,201704,68627.0,291589.0
1192,BX29,201705,73997.0,310586.0
1193,BX29,201706,39721.0,162172.0
1194,BX29,201707,68376.0,256639.0
1195,BX29,201708,70615.0,274174.0
1196,BX29,201709,59805.0,236672.0
1197,BX29,201710,82205.0,327011.0
1198,BX29,201711,81098.0,308026.0
1199,BX29,201712,38299.0,152176.0
1200,BX30,201601,184201.0,575426.0
1201,BX30,201602,184000.0,599818.0
1202,BX30,201603,196042.0,647627.0
1203,BX30,201604,177795.0,591708.0
1204,BX30,201605,182448.0,606414.0
1205,BX30,201606,101674.0,318517.0
1206,BX30,201607,149670.0,448964.0
1207,BX30,201608,187355.0,573517.0
1208,BX30,201609,178901.0,586023.0
1209,BX30,201610,188093.0,616446.0
1210,BX30,201611,288888.875,835310.0833333334
1211,BX30,201612,154524.0,487585.0
1212,BX30,201701,189762.0,601413.0
1213,BX30,201702,134801.0,439510.0
1214,BX30,201703,152291.0,471859.0
1215,BX30,201704,183047.0,567416.0
1216,BX30,201705,189585.0,608150.0
1217,BX30,201706,102813.0,317747.0
1218,BX30,201707,178319.0,558719.0
1219,BX30,201708,181569.0,565955.0
1220,BX30,201709,202540.61979166666,677105.9201388889
1221,BX30,201710,184426.0,609367.0
1222,BX30,201711,192162.0,611327.0
1223,BX30,201712,95523.0,304968.0
1224,BX31,201601,844572.0,953644.0
1225,BX31,201602,125349.0,283705.0
1226,BX31,201603,145882.0,338487.0
1227,BX31,201604,625302.0,379752.3628472222
1228,BX31,201605,141799.0,330223.0
1229,BX31,201606,73594.0,166336.0
1230,BX31,201607,100464.0,219190.0
1231,BX31,201608,133058.0,291340.0
1232,BX31,201609,1656182.1666666667,777198.8541666666
1233,BX31,201610,143447.0,307879.0
1234,BX31,201611,134937.0,298178.0
1235,BX31,201612,101073.0,224819.0
1236,BX31,201701,159936.0,286716.0
1237,BX31,201702,96068.0,205512.0
1238,BX31,201703,106717.0,233448.0
1239,BX31,201704,132152.0,295721.0
1240,BX31,201705,142278.0,329005.0
1241,BX31,201706,74256.0,168260.0
1242,BX31,201707,126516.0,276359.0
1243,BX31,201708,128008.0,274305.0
1244,BX31,201709,320827.5902777778,777198.8541666666
1245,BX31,201710,146637.0,320709.0
1246,BX31,201711,124987.0,271262.0
1247,BX31,201712,68071.0,147899.0
1248,BX33,201601,132593.0,159855.0
1249,BX33,201602,130229.0,156770.0
1250,BX33,201603,149588.0,183622.0
1251,BX33,201604,142619.0,168398.0
1252,BX33,201605,150826.0,180707.0
1253,BX33,201606,79656.0,94338.0
1254,BX33,201607,107370.0,122980.0
1255,BX33,201608,138856.0,160672.0
1256,BX33,201609,148245.0,174916.0
1257,BX33,201610,148560.0,178482.0
1258,BX33,201611,144868.0,173465.0
1259,BX33,201612,106440.0,129425.0
1260,BX33,201701,141337.0,167366.0
1261,BX33,201702,98194.0,118810.0
1262,BX33,201703,115527.0,140637.0
1263,BX33,201704,139810.0,168019.0
1264,BX33,201705,156684.0,187621.0
1265,BX33,201706,79591.0,94963.0
1266,BX33,201707,134338.0,156755.0
1267,BX33,201708,138060.0,160809.0
1268,BX33,201709,109735.0,133753.0
1269,BX33,201710,150829.0,182765.0
1270,BX33,201711,138431.0,166328.0
1271,BX33,201712,143443.90798611112,83355.0
1272,BX34,201601,400682.0,837994.0
1273,BX34,201602,364440.0,846186.0
1274,BX34,201603,362539.0,925230.0
1275,BX34,201604,337421.0,847398.0
1276,BX34,201605,353053.0,893494.0
1277,BX34,201606,191498.0,461716.0
1278,BX34,201607,264642.0,627658.0
1279,BX34,201608,386934.0,826699.0
1280,BX34,201609,347251.0,852671.0
1281,BX34,201610,338239.0,869934.0
1282,BX34,201611,345448.0,893159.0
1283,BX34,201612,266232.0,692689.0
1284,BX34,201701,344548.0,871178.0
1285,BX34,201702,252661.0,626496.0
1286,BX34,201703,271097.0,715300.0
1287,BX34,201704,1096878.0416666667,1036698.5462962963
1288,BX34,201705,833101.0,3041912.0
1289,BX34,201706,181940.0,470279.0
1290,BX34,201707,942428.0,1179886.0
1291,BX34,201708,337349.0,796230.0
1292,BX34,201709,1237897.0,1357532.4444444443
1293,BX34,201710,359789.0,897772.0
1294,BX34,201711,345465.0,877206.0
1295,BX34,201712,167173.0,451418.0
1296,BX36,201601,205557.0,418084.0
1297,BX36,201602,215314.0,444302.0
1298,BX36,201603,1240801.0,531266.7135416666
1299,BX36,201604,220596.0,456509.0
1300,BX36,201605,215081.0,455906.0
1301,BX36,201606,109011.0,229031.0
1302,BX36,201607,151878.0,313011.0
1303,BX36,201608,200623.0,417089.0
1304,BX36,201609,216880.0,450922.0
1305,BX36,201610,216918.0,457747.0
1306,BX36,201611,228449.0,470009.0
1307,BX36,201612,361821.0138888888,740154.125
1308,BX36,201701,222779.0,431230.0
1309,BX36,201702,154938.0,320778.0
1310,BX36,201703,142942.0,316404.0
1311,BX36,201704,185461.0,404359.0
1312,BX36,201705,518029.3333333333,531266.7135416666
1313,BX36,201706,103444.0,225363.0
1314,BX36,201707,185972.0,390663.0
1315,BX36,201708,194152.0,405599.0
1316,BX36,201709,153663.0,336720.0
1317,BX36,201710,219888.0,457514.0
1318,BX36,201711,238661.0,438345.0
1319,BX36,201712,111162.0,221391.0
1320,BX37,201601,138407.0,153963.0
1321,BX37,201602,135308.0,153166.0
1322,BX37,201603,147860.0,172652.0
1323,BX37,201604,122404.0,147618.0
1324,BX37,201605,117491.0,147175.0
1325,BX37,201606,66497.0,79543.0
1326,BX37,201607,87541.0,107766.0
1327,BX37,201608,125656.0,148300.0
1328,BX37,201609,133119.0,164304.0
1329,BX37,201610,126190.0,158642.0
1330,BX37,201611,137092.0,167796.0
1331,BX37,201612,101951.0,123072.0
1332,BX37,201701,133223.0,158223.0
1333,BX37,201702,83795.0,100861.0
1334,BX37,201703,102783.0,128017.0
1335,BX37,201704,121608.0,147685.0
1336,BX37,201705,131601.0,163426.0
1337,BX37,201706,70426.0,83521.0
1338,BX37,201707,117724.0,139159.0
1339,BX37,201708,123818.0,145910.0
1340,BX37,201709,101004.0,122096.0
1341,BX37,201710,131541.0,156913.0
1342,BX37,201711,127679.0,150577.0
1343,BX37,201712,65279.0,79088.0
1344,BX39,201601,546327.0,849425.0
1345,BX39,201602,563645.0,887044.0
1346,BX39,201603,648904.0,996358.0
1347,BX39,201604,598413.0,904853.0
1348,BX39,201605,903877.0,1210138.0
1349,BX39,201606,380180.0,522473.0
1350,BX39,201607,447178.0,631002.0
1351,BX39,201608,592317.0,831433.0
1352,BX39,201609,647914.0,916519.0
1353,BX39,201610,662914.0,926264.0
1354,BX39,201611,616291.0,944583.0
1355,BX39,201612,456808.0,692973.0
1356,BX39,201701,1387282.0,9694516.25
1357,BX39,201702,1127275.0,9694516.25
1358,BX39,201703,500649.0,751766.0
1359,BX39,201704,562873.0,851518.0
1360,BX39,201705,628808.0,957198.0
1361,BX39,201706,334278.0,473447.0
1362,BX39,201707,1410478.0,2988040.0
1363,BX39,201708,592646.0,821659.0
1364,BX39,201709,470492.0,694336.0
1365,BX39,201710,638502.0,954497.0
1366,BX39,201711,609334.0,917814.0
1367,BX39,201712,728848.125,11500681.0
1368,BX40,201601,113770.0,288996.0
1369,BX40,201602,115973.0,292161.0
1370,BX40,201603,123085.0,318324.0
1371,BX40,201604,109139.0,290355.0
1372,BX40,201605,115952.0,302906.0
1373,BX40,201606,60564.0,157305.0
1374,BX40,201607,85203.0,214001.0
1375,BX40,201608,109785.0,277755.0
1376,BX40,201609,105436.16319444444,453423.1666666667
1377,BX40,201610,117299.0,299455.0
1378,BX40,201611,125131.0,309106.0
1379,BX40,201612,90181.0,234532.0
1380,BX40,201701,122591.0,300749.0
1381,BX40,201702,84048.0,211788.0
1382,BX40,201703,89305.0,234546.0
1383,BX40,201704,104467.0,281514.0
1384,BX40,201705,116290.0,307034.0
1385,BX40,201706,58597.0,154406.0
1386,BX40,201707,102063.0,257417.0
1387,BX40,201708,105178.0,260815.0
1388,BX40,201709,84216.0,214319.0
1389,BX40,201710,113317.0,290309.0
1390,BX40,201711,112299.0,285804.0
1391,BX40,201712,56643.0,147046.0
1392,BX41,201601,264157.0,507082.0
1393,BX41,201602,284243.0,514812.0
1394,BX41,201603,307773.0,575451.0
1395,BX41,201604,272693.0,535471.0
1396,BX41,201605,283120.0,556228.0
1397,BX41,201606,151032.0,291605.0
1398,BX41,201607,210120.0,399808.0
1399,BX41,201608,278222.0,525454.0
1400,BX41,201609,279759.0,534827.0
1401,BX41,201610,285987.0,551488.0
1402,BX41,201611,286021.0,552479.0
1403,BX41,201612,226775.0,422137.0
1404,BX41,201701,275712.0,527630.0
1405,BX41,201702,386034.2916666667,653021.9583333334
1406,BX41,201703,210218.0,438726.0
1407,BX41,201704,259711.0,515670.0
1408,BX41,201705,274394.0,562771.0
1409,BX41,201706,145887.0,292925.0
1410,BX41,201707,250741.0,496958.0
1411,BX41,201708,260747.0,512423.0
1412,BX41,201709,206241.0,401817.0
1413,BX41,201710,291165.0,551332.0
1414,BX41,201711,316407.0,835878.0
1415,BX41,201712,136082.0,269552.0
1416,BX43,201601,173813.0,379816.0
1417,BX43,201602,158521.0,386658.0
1418,BX43,201603,189595.0,435979.0
1419,BX43,201604,178214.0,408710.0
1420,BX43,201605,188917.0,427983.0
1421,BX43,201606,100360.0,227104.0
1422,BX43,201607,714859.5833333334,444515.5520833333
1423,BX43,201608,184173.0,404867.0
1424,BX43,201609,186254.0,416326.0
1425,BX43,201610,187069.0,415913.0
1426,BX43,201611,174581.0,415865.0
1427,BX43,201612,130786.0,310763.0
1428,BX43,201701,169126.0,393206.0
1429,BX43,201702,114440.0,281219.0
1430,BX43,201703,134550.0,312479.0
1431,BX43,201704,170144.0,386968.0
1432,BX43,201705,182051.0,425823.0
1433,BX43,201706,95436.0,220489.0
1434,BX43,201707,169531.0,380624.0
1435,BX43,201708,173516.0,398393.0
1436,BX43,201709,128087.0,306634.0
1437,BX43,201710,216923.56597222225,444515.5520833333
1438,BX43,201711,169485.0,396951.0
1439,BX43,201712,80494.0,201001.0
1440,BX44,201601,277408.0,520770.0
1441,BX44,201602,272503.0,513283.0
1442,BX44,201603,314055.0,593689.0
1443,BX44,201604,290029.0,492058.1666666667
1444,BX44,201605,308721.0,565439.0
1445,BX44,201606,154270.0,294045.0
1446,BX44,201607,205721.0,394443.0
1447,BX44,201608,256944.0,494484.0
1448,BX44,201609,293277.0,543549.0
1449,BX44,201610,295990.0,543792.0
1450,BX44,201611,289068.0,539826.0
1451,BX44,201612,215539.0,404005.0
1452,BX44,201701,283897.0,522718.0
1453,BX44,201702,198032.0,370757.0
1454,BX44,201703,221705.0,417383.0
1455,BX44,201704,273715.0,507234.0
1456,BX44,201705,311228.0,569463.0
1457,BX44,201706,157206.0,294116.0
1458,BX44,201707,264334.0,481905.0
1459,BX44,201708,257117.0,477615.0
1460,BX44,201709,226749.0,403448.0
1461,BX44,201710,308112.0,564143.0
1462,BX44,201711,290571.0,528593.0
1463,BX44,201712,145775.0,269379.0
1464,BX49,201601,44414.0,52466.0
1465,BX49,201602,47293.0,54801.0
1466,BX49,201603,51642.0,60708.0
1467,BX49,201604,44962.0,50283.0
1468,BX49,201605,47408.0,54063.0
1469,BX49,201606,29452.0,33057.0
1470,BX49,201607,37633.0,44027.0
1471,BX49,201608,47173.0,56543.0
1472,BX49,201609,49996.0,59578.0
1473,BX49,201610,46000.0,54156.0
1474,BX49,201611,48156.0,56863.0
1475,BX49,201612,33513.0,41186.0
1476,BX49,201701,48535.0,56954.0
1477,BX49,201702,33322.0,39871.0
1478,BX49,201703,39702.0,46672.0
1479,BX49,201704,44734.0,52518.0
1480,BX49,201705,51019.0,58595.0
1481,BX49,201706,27882.0,31912.0
1482,BX49,201707,43743.0,49521.0
1483,BX49,201708,50636.0,56922.0
1484,BX49,201709,43736.0,47684.0
1485,BX49,201710,56778.0,60983.0
1486,BX49,201711,51711.0,57027.0
1487,BX49,201712,25964.0,31137.0
1488,BX55,201601,540929.0,643017.0
1489,BX55,201602,535286.0,645095.0
1490,BX55,201603,606461.0,726034.0
1491,BX55,201604,596818.0,706928.0
1492,BX55,201605,637597.0,744117.0
1493,BX55,201606,317700.0,375068.0
1494,BX55,201607,658049.0,814749.4445891203
1495,BX55,201608,1372768.0,1971038.0
1496,BX55,201609,594728.0,700380.0
1497,BX55,201610,587418.0,686590.0
1498,BX55,201611,581006.0,685397.0
1499,BX55,201612,453870.0,540018.0
1500,BX55,201701,581836.0,677038.0
1501,BX55,201702,400500.0,471670.0
1502,BX55,201703,2138371.3489583335,1903048.6701388888
1503,BX55,201704,545590.0,664491.0
1504,BX55,201705,613310.0,727557.0
1505,BX55,201706,318071.0,373669.0
1506,BX55,201707,547873.0,642229.0
1507,BX55,201708,549820.0,652637.0
1508,BX55,201709,452785.0,537991.0
1509,BX55,201710,629811.0,747508.0
1510,BX55,201711,595504.0,705705.0
1511,BX55,201712,292260.0,344897.0
1512,BX59,201601,200851.0,223733.0
1513,BX59,201602,198444.0,225732.0
1514,BX59,201603,215598.0,255406.0
1515,BX59,201604,172515.0,211794.0
1516,BX59,201605,173974.0,216891.0
1517,BX59,201606,105287.0,126457.0
1518,BX59,201607,128910.0,166415.0
1519,BX59,201608,185304.0,224290.0
1520,BX59,201609,197537.0,237683.0
1521,BX59,201610,196033.0,233965.0
1522,BX59,201611,207836.0,240634.0
1523,BX59,201612,160947.0,183333.0
1524,BX59,201701,209447.0,238907.0
1525,BX59,201702,143059.0,166486.0
1526,BX59,201703,286330.0,233123.75
1527,BX59,201704,191373.0,222063.0
1528,BX59,201705,209567.0,248682.0
1529,BX59,201706,107557.0,126668.0
1530,BX59,201707,190698.0,215967.0
1531,BX59,201708,195431.0,218809.0
1532,BX59,201709,157597.0,182298.0
1533,BX59,201710,205984.0,231170.0
1534,BX59,201711,199453.0,221956.0
1535,BX59,201712,102471.0,120057.0
1536,BX62,201601,142311.0,205378.0
1537,BX62,201602,137428.0,203072.0
1538,BX62,201603,160950.0,235724.0
1539,BX62,201604,157304.0,223326.0
1540,BX62,201605,165673.0,238049.0
1541,BX62,201606,85731.0,120148.0
1542,BX62,201607,119807.0,164039.0
1543,BX62,201608,159610.0,218406.0
1544,BX62,201609,160517.0,226001.0
1545,BX62,201610,162154.0,229709.0
1546,BX62,201611,154524.0,220280.0
1547,BX62,201612,116106.0,167015.0
1548,BX62,201701,149040.0,214185.0
1549,BX62,201702,105855.0,152426.0
1550,BX62,201703,114816.0,168031.0
1551,BX62,201704,152322.0,215733.0
1552,BX62,201705,168664.0,240569.0
1553,BX62,201706,85742.0,123720.0
1554,BX62,201707,151470.0,210871.0
1555,BX62,201708,142331.0,199731.0
1556,BX62,201709,93895.0,139682.0
1557,BX62,201710,157355.0,228313.0
1558,BX62,201711,148491.0,214808.0
1559,BX62,201712,73320.0,107367.0
1560,BX63,201601,831022.0,1454527.0
1561,BX63,201602,849901.0,1485526.0
1562,BX63,201603,928333.0,1666931.0
1563,BX63,201604,956526.0,23815279.85836227
1564,BX63,201605,1000753.0,1663972.0
1565,BX63,201606,662182.0,1437116.0
1566,BX63,201607,287480489.0,67871857.94618055
1567,BX63,201608,286437625.0,67871857.94618055
1568,BX63,201609,17791948.0,68949320.0
1569,BX63,201610,868587.0,1590221.0
1570,BX63,201611,903704.0,1600597.0
1571,BX63,201612,696565.0,1225855.0
1572,BX63,201701,863867.0,1508104.0
1573,BX63,201702,610242.0,1070875.0
1574,BX63,201703,673600.0,1189199.0
1575,BX63,201704,919319.0,1515425.0
1576,BX63,201705,991082.0,1621703.0
1577,BX63,201706,1147992.0,3171004.0
1578,BX63,201707,2632468.0,3649013.0
1579,BX63,201708,937643.0,1495387.0
1580,BX63,201709,52788469.423611104,98641737.70833333
1581,BX63,201710,88205670.16666667,19109248.0
1582,BX63,201711,859473.0,1492276.0
1583,BX63,201712,17116377.0,67605412.0
1584,BX75,201601,284730.0,567476.0
1585,BX75,201602,291476.0,564909.0
1586,BX75,201603,341503.0,648752.0
1587,BX75,201604,303700.0,587232.0
1588,BX75,201605,333719.0,632190.0
1589,BX75,201606,179386.0,326943.0
1590,BX75,201607,252867.0,447025.0
1591,BX75,201608,325020.0,573748.0
1592,BX75,201609,322137.0,599789.0
1593,BX75,201610,337829.0,606588.0
1594,BX75,201611,328992.0,608589.0
1595,BX75,201612,251039.0,456487.0
1596,BX75,201701,312712.0,590259.0
1597,BX75,201702,213590.0,420197.0
1598,BX75,201703,247675.0,483539.0
1599,BX75,201704,303014.0,581657.0
1600,BX75,201705,334973.0,649887.0
1601,BX75,201706,180804.0,318057.0
1602,BX75,201707,322213.0,554407.0
1603,BX75,201708,331530.0,562627.0
1604,BX75,201709,246745.0,443112.0
1605,BX75,201710,357013.0,620519.0
1606,BX75,201711,335179.0,789300.0590277779
1607,BX75,201712,166816.0,296387.0
1608,BX99,201601,147698.0,202580.0
1609,BX99,201602,148574.0,201384.0
1610,BX99,201603,173384.0,234202.0
1611,BX99,201604,162416.0,209469.0
1612,BX99,201605,165750.0,213993.0
1613,BX99,201606,152440.06597222222,208598.28298611112
1614,BX99,201607,126699.0,166086.0
1615,BX99,201608,163311.0,209978.0
1616,BX99,201609,169327.0,221435.0
1617,BX99,201610,158322.0,218402.0
1618,BX99,201611,161190.0,226383.0
1619,BX99,201612,119643.0,163630.0
1620,BX99,201701,151987.0,214467.0
1621,BX99,201702,106265.0,149191.0
1622,BX99,201703,121747.0,175448.0
1623,BX99,201704,154724.0,209419.0
1624,BX99,201705,166590.0,232219.0
1625,BX99,201706,87975.0,120589.0
1626,BX99,201707,152992.0,217326.0
1627,BX99,201708,150683.0,212017.0
1628,BX99,201709,120716.0,169569.0
1629,BX99,201710,157793.0,223347.0
1630,BX99,201711,147427.0,209746.0
1631,BX99,201712,77582.0,111228.0
1632,MN01,201601,252550.0,680837.0
1633,MN01,201602,256093.0,684647.0
1634,MN01,201603,283198.0,768570.0
1635,MN01,201604,257136.0,710363.0
1636,MN01,201605,3557488.0,12544021.125
1637,MN01,201606,142102.0,379575.0
1638,MN01,201607,958670.0,752725.0
1639,MN01,201608,253687.0,655254.0
1640,MN01,201609,372115.0,1011500.0
1641,MN01,201610,248171.0,703290.0
1642,MN01,201611,255522.0,721521.0
1643,MN01,201612,198374.0,553558.0
1644,MN01,201701,2296131.0,12732794.0
1645,MN01,201702,366285.0,50800292.0
1646,MN01,201703,210025.0,567887.0
1647,MN01,201704,284666.0,51023803.0
1648,MN01,201705,276562.0,746181.0
1649,MN01,201706,143489.0,384343.0
1650,MN01,201707,249733.0,649294.0
1651,MN01,201708,246758.0,643867.0
1652,MN01,201709,196035.0,526837.0
1653,MN01,201710,17458750.0,34721437.0
1654,MN01,201711,691114.0,5320141.0
1655,MN01,201712,128394.0,354963.0
1656,MN03,201601,377929.0,770580.0
1657,MN03,201602,343691.0,688818.0
1658,MN03,201603,410148.0,860424.0
1659,MN03,201604,374408.0,795989.0
1660,MN03,201605,397368.0,837131.0
1661,MN03,201606,199992.0,424250.0
1662,MN03,201607,272374.0,572667.0
1663,MN03,201608,351581.0,753868.0
1664,MN03,201609,359875.0,758871.0
1665,MN03,201610,363220.0,754412.0
1666,MN03,201611,392800.0,806533.0
1667,MN03,201612,294712.0,614670.0
1668,MN03,201701,387023.0,782529.0
1669,MN03,201702,273053.0,560089.0
1670,MN03,201703,311422.0,642077.0
1671,MN03,201704,356452.0,758714.0
1672,MN03,201705,396973.0,821946.0
1673,MN03,201706,195035.0,421803.0
1674,MN03,201707,331560.0,709062.0
1675,MN03,201708,347352.0,744468.0
1676,MN03,201709,285599.0,606159.0
1677,MN03,201710,396837.0,822776.0
1678,MN03,201711,386820.0,788166.0
1679,MN03,201712,196348.0,402505.0
1680,MN04,201601,690611.0,917432.0
1681,MN04,201602,601046.0,804129.0
1682,MN04,201603,761206.0,1042537.0
1683,MN04,201604,666114.0,950855.0
1684,MN04,201605,688202.0,966223.0
1685,MN04,201606,346950.0,493278.0
1686,MN04,201607,495378.0,691105.0
1687,MN04,201608,650933.0,914752.0
1688,MN04,201609,707626.0,979332.0
1689,MN04,201610,1072073.4166666667,1480737.7916666667
1690,MN04,201611,767724.0,1028063.0
1691,MN04,201612,566034.0,769624.0
1692,MN04,201701,716531.0,953128.0
1693,MN04,201702,507207.0,680854.0
1694,MN04,201703,574947.0,788742.0
1695,MN04,201704,644643.0,925760.0
1696,MN04,201705,696029.0,993648.0
1697,MN04,201706,351192.0,502879.0
1698,MN04,201707,585178.0,833423.0
1699,MN04,201708,613122.0,869273.0
1700,MN04,201709,514313.0,729671.0
1701,MN04,201710,715253.0,999451.0
1702,MN04,201711,751385.0,996933.0
1703,MN04,201712,373297.0,507766.0
1704,MN06,201601,234233.0,315527.0
1705,MN06,201602,256852.0,337630.0
1706,MN06,201603,311206.0,403137.0
1707,MN06,201604,278027.0,370288.0
1708,MN06,201605,323749.0,410061.0
1709,MN06,201606,160325.0,205191.0
1710,MN06,201607,142856.0,196792.0
1711,MN06,201608,229321.0,307103.0
1712,MN06,201609,286111.0,369225.0
1713,MN06,201610,288595.0,379612.0
1714,MN06,201611,281299.0,368298.0
1715,MN06,201612,191766.0,257804.0
1716,MN06,201701,243233.0,324757.0
1717,MN06,201702,201960.0,251290.0
1718,MN06,201703,228123.0,294962.0
1719,MN06,201704,260964.0,338831.0
1720,MN06,201705,283472.0,377076.0
1721,MN06,201706,137979.0,184803.0
1722,MN06,201707,268450.0,341000.0
1723,MN06,201708,261785.0,338381.0
1724,MN06,201709,212605.0,280751.0
1725,MN06,201710,296894.0,394583.0
1726,MN06,201711,270555.0,363193.0
1727,MN06,201712,123760.0,162912.0
1728,MN09,201601,395401.0,772029.0
1729,MN09,201602,422459.0,813320.0
1730,MN09,201603,473263.0,922949.0
1731,MN09,201604,474974.0,926387.0
1732,MN09,201605,456094.0,892376.0
1733,MN09,201606,228301.0,450796.0
1734,MN09,201607,1051852.0,835911.496238426
1735,MN09,201608,390541.0,747251.0
1736,MN09,201609,457260.0,895204.0
1737,MN09,201610,488375.0,955485.0
1738,MN09,201611,445917.0,868369.0
1739,MN09,201612,304105.0,596656.0
1740,MN09,201701,417958.0,791315.0
1741,MN09,201702,292919.0,563674.0
1742,MN09,201703,353464.0,686818.0
1743,MN09,201704,456124.0,858352.0
1744,MN09,201705,445483.0,866511.0
1745,MN09,201706,231035.0,444583.0
1746,MN09,201707,383100.0,776578.0
1747,MN09,201708,388168.0,757902.0
1748,MN09,201709,352489.0,695109.0
1749,MN09,201710,495319.0,956913.0
1750,MN09,201711,646806.8454861111,937623.9097222224
1751,MN09,201712,207772.0,394511.0
1752,MN11,201601,421613.0,557685.0
1753,MN11,201602,456686.0,593011.0
1754,MN11,201603,491503.0,661972.0
1755,MN11,201604,440550.0,600625.0
1756,MN11,201605,446753.0,620265.0
1757,MN11,201606,216987.0,304141.0
1758,MN11,201607,303116.0,403670.0
1759,MN11,201608,380946.0,513360.0
1760,MN11,201609,370833.0,531082.0
1761,MN11,201610,375244.0,535936.0
1762,MN11,201611,430656.0,581095.0
1763,MN11,201612,327276.0,440600.0
1764,MN11,201701,420928.0,555001.0
1765,MN11,201702,291502.0,385040.0
1766,MN11,201703,316472.0,439732.0
1767,MN11,201704,373139.0,520746.0
1768,MN11,201705,400026.0,558121.0
1769,MN11,201706,211696.0,290361.0
1770,MN11,201707,361245.0,471326.0
1771,MN11,201708,359770.0,474260.0
1772,MN11,201709,292794.0,398571.0
1773,MN11,201710,394905.0,539326.0
1774,MN11,201711,406658.0,528629.0
1775,MN11,201712,211085.0,274585.0
1776,MN12,201601,239146.0,297609.0
1777,MN12,201602,240307.0,286424.0
1778,MN12,201603,299932.0,354818.0
1779,MN12,201604,285576.0,360284.0
1780,MN12,201605,295747.0,372485.0
1781,MN12,201606,173774.0,188956.0
1782,MN12,201607,247685.0,280888.0
1783,MN12,201608,315654.0,380246.0
1784,MN12,201609,270570.0,340739.0
1785,MN12,201610,293166.0,362666.0
1786,MN12,201611,264930.0,335183.0
1787,MN12,201612,242341.0,295161.0
1788,MN12,201701,248032.0,303018.0
1789,MN12,201702,173694.0,209430.0
1790,MN12,201703,214092.0,263267.0
1791,MN12,201704,311899.0,347431.0
1792,MN12,201705,324234.0,352939.0
1793,MN12,201706,172797.0,194870.0
1794,MN12,201707,306109.0,363924.0
1795,MN12,201708,315377.0,369005.0
1796,MN12,201709,193624.0,249609.0
1797,MN12,201710,282097.0,350930.0
1798,MN12,201711,268211.0,313355.0
1799,MN12,201712,126941.0,156881.0
1800,MN13,201601,435644545.0,168623249.62847224
1801,MN13,201602,12600100.0,127939829.0
1802,MN13,201603,26152368.0,81914302.0
1803,MN13,201604,15711187.0,26245600.0
1804,MN13,201605,8924604.0,12445165.0
1805,MN13,201606,5119441.0,4856540.0
1806,MN13,201607,6235432.0,7812352.0
1807,MN13,201608,238854729.0,305412880.0
1808,MN13,201609,7788660.0,8235236.0
1809,MN13,201610,7725048.0,8038770.0
1810,MN13,201611,7375868.0,10854301.0
1811,MN13,201612,19233371.0,16375812.0
1812,MN13,201701,114516218.453125,247138022.08333334
1813,MN13,201702,5250097.0,7985978.0
1814,MN13,201703,22349040.0,134682376.0
1815,MN13,201704,7618785.0,7899188.0
1816,MN13,201705,164655006.875,12606434.0
1817,MN13,201706,4943074.0,155123384.0
1818,MN13,201707,7396946.0,7799026.0
1819,MN13,201708,89298548.0,208069047.0
1820,MN13,201709,107271810.0,563628863.0
1821,MN13,201710,381531529.0,632850666.0
1822,MN13,201711,7529504.0,126620036.0
1823,MN13,201712,6812922.0,10720137.0
1824,MN14,201601,150683676.5,835893961.0
1825,MN14,201602,46994555.770833336,515009445.0
1826,MN14,201603,2009850.0,2391856.0
1827,MN14,201604,1925993.0,2206215.0
1828,MN14,201605,2051228.0,2312544.0
1829,MN14,201606,1025692.0,1148486.0
1830,MN14,201607,1353547.0,1546727.0
1831,MN14,201608,1749477.0,1979996.0
1832,MN14,201609,2719078.0,3212104.0
1833,MN14,201610,2062386.0,2288532.0
1834,MN14,201611,2096822.0,2467446.0
1835,MN14,201612,1568004.0,1824512.0
1836,MN14,201701,15599556.0,2231586.0
1837,MN14,201702,1365635.0,1602530.0
1838,MN14,201703,11722807.0,1785242.0
1839,MN14,201704,2643210.0,3723200.0
1840,MN14,201705,2028823.0,119219111.0
1841,MN14,201706,1005371.0,1133616.0
1842,MN14,201707,2527799.0,4054849.0
1843,MN14,201708,1750229.0,1964183.0
1844,MN14,201709,185319668.0,586584251.0
1845,MN14,201710,187970402.0,556837634.0
1846,MN14,201711,3659599.0,128975750.0
1847,MN14,201712,1567436.0,2708545.0
1848,MN15,201601,975480.0,1155845.0
1849,MN15,201602,952183.0,1143636.0
1850,MN15,201603,1041496.0,1250939.0
1851,MN15,201604,942870.0,1110991.0
1852,MN15,201605,1004270.0833333334,1194399.25
1853,MN15,201606,535609.0,672843.0
1854,MN15,201607,760742.0,812950.0
1855,MN15,201608,963223.0,1058055.0
1856,MN15,201609,967589.0,1080143.0
1857,MN15,201610,977261.0,1146089.0
1858,MN15,201611,1009890.0,1241126.0
1859,MN15,201612,848432.0,1028160.0
1860,MN15,201701,991250.0,1193168.0
1861,MN15,201702,659528.0,833537.0
1862,MN15,201703,785532.0,946077.0
1863,MN15,201704,916095.0,1065865.0
1864,MN15,201705,967688.0,1135321.0
1865,MN15,201706,515148.0,603244.0
1866,MN15,201707,862445.0,1019813.0
1867,MN15,201708,899616.0,1058195.0
1868,MN15,201709,664661.0,798769.0
1869,MN15,201710,952426.0,1140176.0
1870,MN15,201711,931880.0,1161267.0
1871,MN15,201712,535750.0,658041.0
1872,MN17,201601,2853419505.0,2630532886.0
1873,MN17,201602,54306553.0,170050140.0
1874,MN17,201603,56718310.0,459779572.0
1875,MN17,201604,257543903.0,1850589658.0
1876,MN17,201605,4447085665.0,1002588652.125
1877,MN17,201606,11172249.0,12286888.0
1878,MN17,201607,22749272.0,55047914.0
1879,MN17,201608,26462458.0,99156266.0
1880,MN17,201609,1855848282.0,2006225303.0
1881,MN17,201610,745440870.0,832314302.0
1882,MN17,201611,218988312.0,421489782.0
1883,MN17,201612,546833464.0,1073401276.0
1884,MN17,201701,53260646.0,257018550.0
1885,MN17,201702,1867105773.0,1272519269.0
1886,MN17,201703,47646060.0,181366967.0
1887,MN17,201704,1615506885.0,2122000521.0
1888,MN17,201705,33802106.0,36543149.0
1889,MN17,201706,2073206167.0,1359891638.0
1890,MN17,201707,92692421.0,60156697.0
1891,MN17,201708,1989154080.0,2073791324.0
1892,MN17,201709,15041450.0,16476222.0
1893,MN17,201710,23122027.0,148244958.0
1894,MN17,201711,2079271995.0,958110197.0
1895,MN17,201712,42066924.0,42031352.0
1896,MN19,201601,805932964.0,1324377599.0
1897,MN19,201602,1663179434.0,433514454.0833333
1898,MN19,201603,1346375078.0,4605504.0
1899,MN19,201604,13631822.0,47953692.0
1900,MN19,201605,4307909.0,183061088.67896414
1901,MN19,201606,2139131.0,2379976.0
1902,MN19,201607,2914934.0,3256165.0
1903,MN19,201608,4733242.0,5905061.0
1904,MN19,201609,3914748.0,4369903.0
1905,MN19,201610,3949298.0,261805578.21180558
1906,MN19,201611,3912253.0,4399256.0
1907,MN19,201612,3123464.0,3582827.0
1908,MN19,201701,8741363.0,8591051.0
1909,MN19,201702,2578153.0,2855793.0
1910,MN19,201703,41719220.0,72655643.0
1911,MN19,201704,3679217.0,4016303.0
1912,MN19,201705,1234060740.0,526949104.0
1913,MN19,201706,2340168.0,2491803.0
1914,MN19,201707,12738061.0,33150879.0
1915,MN19,201708,3967778.0,4226818.0
1916,MN19,201709,3385926.0,3448033.0
1917,MN19,201710,11250155.0,14246056.0
1918,MN19,201711,11779744.0,8417641.0
1919,MN19,201712,2083548.0,2302691.0
1920,MN22,201601,1885822.0,2336139.0
1921,MN22,201602,1414778.0,2394664.0
1922,MN22,201603,1209461.0,2285886.0
1923,MN22,201604,448160.0,534107.0
1924,MN22,201605,446032.0,547967.0
1925,MN22,201606,257762.0,308830.0
1926,MN22,201607,1203291.0,2505598.0
1927,MN22,201608,475783.0,1130679.0
1928,MN22,201609,395807.0,466574.0
1929,MN22,201610,352867.0,438825.0
1930,MN22,201611,1198981.0,2524856.0
1931,MN22,201612,301511.0,393405.0
1932,MN22,201701,2233089.0,4760492.0
1933,MN22,201702,320883.0,366246.0
1934,MN22,201703,2260198.0,1425877.0
1935,MN22,201704,525531.0,582634.0
1936,MN22,201705,518716.0,639877.0
1937,MN22,201706,941495.0,1281177.0
1938,MN22,201707,1932337.0,3184001.0
1939,MN22,201708,1747094.0,1562983.0
1940,MN22,201709,393040.0,453980.0
1941,MN22,201710,1188348.0,2571079.0
1942,MN22,201711,545952.0,608357.0
1943,MN22,201712,276619.0,299539.0
1944,MN23,201601,2215837.0,2349017.0
1945,MN23,201602,66266166.0,365993046.0
1946,MN23,201603,2599007.0,136935974.0
1947,MN23,201604,2535629.0,2645087.0
1948,MN23,201605,2486818.0,120054789.0
1949,MN23,201606,1341680.0,1404637.0
1950,MN23,201607,764874209.0,63644239.711443864
1951,MN23,201608,2348882.0,2423615.0
1952,MN23,201609,591595525.0,107019043.2829861
1953,MN23,201610,2501502.0,2620409.0
1954,MN23,201611,2373196.0,2546195.0
1955,MN23,201612,1778518.0,1870434.0
1956,MN23,201701,3176449.0,3305287.0
1957,MN23,201702,1706332.0,1795060.0
1958,MN23,201703,1868602.0,2004789.0
1959,MN23,201704,3381049.0,3420454.0
1960,MN23,201705,2419688.0,2551254.0
1961,MN23,201706,1285742.0,1351839.0
1962,MN23,201707,2227214.0,2325310.0
1963,MN23,201708,2406992.0,2609671.0
1964,MN23,201709,10388084.0,23506080.0
1965,MN23,201710,2551454.0,2722217.0
1966,MN23,201711,2397418.0,2635122.0
1967,MN23,201712,707516312.0,178141434.79166666
1968,MN24,201601,40866889.0,47483145.0
1969,MN24,201602,372453393.0,89709134.0
1970,MN24,201603,22185500.0,73928211.0
1971,MN24,201604,29469168.0,42974122.0
1972,MN24,201605,226016231.95833334,222986138.08333334
1973,MN24,201606,2775969.0,3396244.0
1974,MN24,201607,77851378.8732639,100998606.52792245
1975,MN24,201608,21641106.0,55213724.0
1976,MN24,201609,9579839.0,14114982.0
1977,MN24,201610,5259745.0,6340973.0
1978,MN24,201611,33348613.0,76683792.0
1979,MN24,201612,3919299.0,4778748.0
1980,MN24,201701,358709816.0,147201162.58680555
1981,MN24,201702,3712796.0,221807124.0
1982,MN24,201703,3916792.0,4937808.0
1983,MN24,201704,5075360.0,6112822.0
1984,MN24,201705,5258578.0,6408830.0
1985,MN24,201706,21131755.0,118697721.0
1986,MN24,201707,4815858.0,5682043.0
1987,MN24,201708,22219351.0,174885539.0
1988,MN24,201709,3953423.0,4820243.0
1989,MN24,201710,5419747.0,6655268.0
1990,MN24,201711,4973309.0,6212997.0
1991,MN24,201712,2614411.0,3229983.0
1992,MN25,201601,109374237.0,141749503.0
1993,MN25,201602,240168185.0,108534672.0
1994,MN25,201603,9899169.0,13143107.0
1995,MN25,201604,10568994.0,12895914.0
1996,MN25,201605,43207458.0,84019794.0
1997,MN25,201606,3171107.0,3924133.0
1998,MN25,201607,5873159.0,5463699.0
1999,MN25,201608,792737031.0,140739028.0
2000,MN25,201609,1411182920.0,1683893725.0
2001,MN25,201610,26907611.0,108940367.0
2002,MN25,201611,5192691.0,7252393.0
2003,MN25,201612,7697121.0,9007444.0
2004,MN25,201701,39791213.0,242327569.0
2005,MN25,201702,5487677.0,9945133.0
2006,MN25,201703,7575292.0,7544231.0
2007,MN25,201704,7370973.0,9544242.0
2008,MN25,201705,25962326.0,111146973.0
2009,MN25,201706,6474595.0,7645112.0
2010,MN25,201707,1170328811.0,1128948385.0
2011,MN25,201708,1329943384.0,2092499592.0
2012,MN25,201709,159433505.0,242100557.0
2013,MN25,201710,8520909.0,9996122.0
2014,MN25,201711,8679286.0,14385363.0
2015,MN25,201712,1840271253.0,1596153866.0
2016,MN27,201601,2697722.0,2672847.0
2017,MN27,201602,1481964.0,1992881.0
2018,MN27,201603,3110963.0,4309841.0
2019,MN27,201604,1580015.0,2004217.0
2020,MN27,201605,6028281.0,6032550.0
2021,MN27,201606,862211.0,1081506.0
2022,MN27,201607,1193165.0,1472537.0
2023,MN27,201608,1651654.0,2125808.0
2024,MN27,201609,1815772.0,2728284.0
2025,MN27,201610,1570785.0,2014849.0
2026,MN27,201611,1487121.0,1953184.0
2027,MN27,201612,1100203.0,1460649.0
2028,MN27,201701,1443370.0,1809783.0
2029,MN27,201702,1037158.0,1330072.0
2030,MN27,201703,1239384.0,1632817.0
2031,MN27,201704,1816104.0,2495419.0
2032,MN27,201705,2006650.0,2930689.0
2033,MN27,201706,999587.0,1110401.0
2034,MN27,201707,7740123.0,3219321.0
2035,MN27,201708,12176155.0,4873014.0
2036,MN27,201709,3304790.0,2362474.0
2037,MN27,201710,11455246.0,2841229.8333333335
2038,MN27,201711,1495537.0,1915546.0
2039,MN27,201712,749366.0,999161.0
2040,MN31,201601,3318468.0,3848716.0
2041,MN31,201602,241225831.26215276,154291919.0
2042,MN31,201603,3646564.0,4220583.0
2043,MN31,201604,3409310.0,3937501.0
2044,MN31,201605,4533664.0,4715537.0
2045,MN31,201606,241225831.26215276,153172677.0
2046,MN31,201607,2817060.0,120346335.0
2047,MN31,201608,3249917.0,3781331.0
2048,MN31,201609,7811402.0,9956003.0
2049,MN31,201610,3331373.0,3909415.0
2050,MN31,201611,6764833.0,8563460.0
2051,MN31,201612,2534946.0,3015231.0
2052,MN31,201701,390169420.0,62148300.45319733
2053,MN31,201702,335031117.2916667,193880469.04166666
2054,MN31,201703,19926422.0,37813192.0
2055,MN31,201704,522839323.0,53892549.0
2056,MN31,201705,255723680.0,21388812.0
2057,MN31,201706,173456353.0,124933363.83506943
2058,MN31,201707,3605221.0,4023393.0
2059,MN31,201708,8245052.0,11941070.0
2060,MN31,201709,3224510.0,3677227.0
2061,MN31,201710,3959924.0,4593870.0
2062,MN31,201711,7402965.0,34036577.0
2063,MN31,201712,2215502.0,2459308.0
2064,MN32,201601,3272615.0,4361227.0
2065,MN32,201602,3324711.0,4375483.0
2066,MN32,201603,3845860.0,4900592.0
2067,MN32,201604,3389392.0,4509450.0
2068,MN32,201605,6760207.0,5432659.0
2069,MN32,201606,2544505.0,8597243.0
2070,MN32,201607,2398312.0,3153716.0
2071,MN32,201608,3090142.0,4100562.0
2072,MN32,201609,15497627.0,12659678.0
2073,MN32,201610,6714976.0,8898580.0
2074,MN32,201611,3409552.0,4592620.0
2075,MN32,201612,19331281.0,70506499.0
2076,MN32,201701,8016880.0,6962681.0
2077,MN32,201702,2371791.0,3051998.0
2078,MN32,201703,2664983.0,3509978.0
2079,MN32,201704,65225377.0,127161697.0
2080,MN32,201705,89871780.25,48435375.22533276
2081,MN32,201706,1901898.0,2393382.0
2082,MN32,201707,169938572.0,80743214.61631945
2083,MN32,201708,3114215.0,3968285.0
2084,MN32,201709,2521804.0,3280888.0
2085,MN32,201710,3461601.0,4530626.0
2086,MN32,201711,471290188.0,121138550.79166667
2087,MN32,201712,3855995.0,29073708.0
2088,MN34,201601,1847410.0,2713777.0
2089,MN34,201602,6645063.0,9349611.0
2090,MN34,201603,2058731.0,3026832.0
2091,MN34,201604,15927841.559027778,31895436.028139472
2092,MN34,201605,2001532.0,3078970.0
2093,MN34,201606,1042390.0,1590955.0
2094,MN34,201607,5727440.0,7845403.0
2095,MN34,201608,1822407.0,2718212.0
2096,MN34,201609,46872148.0,88643297.0
2097,MN34,201610,1968797.0,2970728.0
2098,MN34,201611,1915721.0,2936222.0
2099,MN34,201612,1449960.0,136425609.0
2100,MN34,201701,1869562.0,137034648.0
2101,MN34,201702,1315379.0,2004565.0
2102,MN34,201703,1505858.0,2328605.0
2103,MN34,201704,1835322.0,2809684.0
2104,MN34,201705,1986876.0,3042001.0
2105,MN34,201706,1037746.0,1571780.0
2106,MN34,201707,1825044.0,2627919.0
2107,MN34,201708,15927841.559027778,120833415.4670139
2108,MN34,201709,1474237.0,2216902.0
2109,MN34,201710,2003846.0,3010153.0
2110,MN34,201711,2403386.0,6259558.0
2111,MN34,201712,1000643.0,1454885.0
2112,MN35,201601,822622.0,1532960.0
2113,MN35,201602,808949.0,1501395.0
2114,MN35,201603,874968.0,1683463.0
2115,MN35,201604,795665.0,1590242.0
2116,MN35,201605,3157046.0486111105,2551941.4270833335
2117,MN35,201606,3157046.0486111105,8525965.25
2118,MN35,201607,7938970.0,4949109.0
2119,MN35,201608,756275.0,1497064.0
2120,MN35,201609,798009.0,1593678.0
2121,MN35,201610,789793.0,1544052.0
2122,MN35,201611,868715.0,1640302.0
2123,MN35,201612,665113.0,1247609.0
2124,MN35,201701,863608.0,1598988.0
2125,MN35,201702,536709.0,1068314.0
2126,MN35,201703,659182.0,1292733.0
2127,MN35,201704,787282.0,1538069.0
2128,MN35,201705,857929.0,1689139.0
2129,MN35,201706,434879.0,872955.0
2130,MN35,201707,700319.0,1422168.0
2131,MN35,201708,725910.0,1485481.0
2132,MN35,201709,624551.0,1233686.0
2133,MN35,201710,857300.0,1681306.0
2134,MN35,201711,866616.0,1640109.0
2135,MN35,201712,431023.0,812626.0
2136,MN36,201601,785874.0,1303672.0
2137,MN36,201602,798570.0,1331751.0
2138,MN36,201603,848599.0,1452811.0
2139,MN36,201604,772338.0,1341032.0
2140,MN36,201605,852507.0,1877920.0
2141,MN36,201606,420536.0,722187.0
2142,MN36,201607,611583.0,1016629.0
2143,MN36,201608,788754.0,1307269.0
2144,MN36,201609,1191034.3177083333,1598599.1996527778
2145,MN36,201610,811596.0,1423140.0
2146,MN36,201611,825159.0,1383421.0
2147,MN36,201612,623484.0,1041660.0
2148,MN36,201701,828390.0,1356241.0
2149,MN36,201702,555237.0,942717.0
2150,MN36,201703,630521.0,1091196.0
2151,MN36,201704,745262.0,1305555.0
2152,MN36,201705,784785.0,1407138.0
2153,MN36,201706,416308.0,737922.0
2154,MN36,201707,694591.0,1213663.0
2155,MN36,201708,724772.0,1276863.0
2156,MN36,201709,576884.0,1037151.0
2157,MN36,201710,793068.0,1427084.0
2158,MN36,201711,769856.0,1382006.0
2159,MN36,201712,386849.0,709192.0
2160,MN40,201601,854743.0,1003163.0
2161,MN40,201602,967234.0,1129860.0
2162,MN40,201603,1102035.0,1276634.0
2163,MN40,201604,981633.0,1159855.0
2164,MN40,201605,1021992.0,1196220.0
2165,MN40,201606,543348.0,622041.0
2166,MN40,201607,703367.0,800092.0
2167,MN40,201608,1078460.0,1389101.0
2168,MN40,201609,1043528.0,1246162.0
2169,MN40,201610,1041424.0,1225493.0
2170,MN40,201611,6687277.0,2193860.6259403937
2171,MN40,201612,697479.0,842800.0
2172,MN40,201701,1238837.0,1328650.0
2173,MN40,201702,902934.0,996020.0
2174,MN40,201703,1058830.0,1196691.0
2175,MN40,201704,1290424.0,1405403.0
2176,MN40,201705,1383508.0,1546418.0
2177,MN40,201706,670447.0,765715.0
2178,MN40,201707,124342190.79166667,1305847.0
2179,MN40,201708,40011401.28298611,3978716.022569444
2180,MN40,201709,2576584.0,8884758.0
2181,MN40,201710,1514025.0,1828132.0
2182,MN40,201711,1390820.0,1639817.0
2183,MN40,201712,679948.0,786478.0
2184,MN99,201601,793453.0,1299034.0
2185,MN99,201602,1408869.8194444443,3214862.125
2186,MN99,201603,700587.0,1357234.0
2187,MN99,201604,683189.0,1193115.0
2188,MN99,201605,715630.0,1228943.0
2189,MN99,201606,470448.0,709221.0
2190,MN99,201607,670950.0,993974.0
2191,MN99,201608,862275.0,1259024.0
2192,MN99,201609,2645382.0,2420915.8802083335
2193,MN99,201610,940663.0,1447360.0
2194,MN99,201611,843742.0,1284965.0
2195,MN99,201612,641425.0,973041.0
2196,MN99,201701,770903.0,1170410.0
2197,MN99,201702,493873.0,758172.0
2198,MN99,201703,646690.0,1000677.0
2199,MN99,201704,5683469.0,2420915.8802083335
2200,MN99,201705,982467.0,1503008.0
2201,MN99,201706,1879590.6666666667,3058971.0
2202,MN99,201707,851938.0,1287462.0
2203,MN99,201708,820474.0,1258874.0
2204,MN99,201709,666558.0,1022095.0
2205,MN99,201710,1064391.0,1518333.0
2206,MN99,201711,899969.0,1286616.0
2207,MN99,201712,428952.0,649406.0
2208,QN10,201601,34268.0,37342.0
2209,QN10,201602,34766.0,38968.0
2210,QN10,201603,41010.0,46257.0
2211,QN10,201604,37903.0,43505.0
2212,QN10,201605,47912.0,54494.0
2213,QN10,201606,36543.0,41017.0
2214,QN10,201607,54840.0,61902.0
2215,QN10,201608,68261.0,75823.0
2216,QN10,201609,48511.0,55791.0
2217,QN10,201610,40759.0,46676.0
2218,QN10,201611,37938.0,42595.0
2219,QN10,201612,27178.0,31312.0
2220,QN10,201701,60543.583333333336,73436.375
2221,QN10,201702,24960.0,28513.0
2222,QN10,201703,30917.0,35160.0
2223,QN10,201704,37280.0,41851.0
2224,QN10,201705,41534.0,45994.0
2225,QN10,201706,31296.0,35860.0
2226,QN10,201707,68305.0,79151.0
2227,QN10,201708,59404.0,66650.0
2228,QN10,201709,33841.0,38013.0
2229,QN10,201710,40770.0,46648.0
2230,QN10,201711,36270.0,40377.0
2231,QN10,201712,19487.0,20752.0
2232,QN12,201601,317433.0,330518.0
2233,QN12,201602,326589.0,342302.0
2234,QN12,201603,345973.0,380728.0
2235,QN12,201604,311603.0,351332.0
2236,QN12,201605,340456.0,381353.0
2237,QN12,201606,190522.0,213194.0
2238,QN12,201607,272760.0,298298.0
2239,QN12,201608,355497.0,392417.0
2240,QN12,201609,342250.0,384563.0
2241,QN12,201610,328419.0,373461.0
2242,QN12,201611,338239.0,367175.0
2243,QN12,201612,254146.0,285563.0
2244,QN12,201701,325558.0,360218.0
2245,QN12,201702,226122.0,256760.0
2246,QN12,201703,242625.0,287378.0
2247,QN12,201704,274680.0,333437.0
2248,QN12,201705,309747.0,373837.0
2249,QN12,201706,174336.0,209955.0
2250,QN12,201707,319757.0,381684.0
2251,QN12,201708,361143.625,370608.2083333333
2252,QN12,201709,237636.0,288326.0
2253,QN12,201710,314301.0,380084.0
2254,QN12,201711,305386.0,355680.0
2255,QN12,201712,123249.0,156218.0
2256,QN17,201601,414015.0,945756.0
2257,QN17,201602,423067.0,959002.0
2258,QN17,201603,1246567.0,2572095.0
2259,QN17,201604,436391.0,1002449.0
2260,QN17,201605,17516927.0,7868681.344401042
2261,QN17,201606,27082280.25,36542372.375
2262,QN17,201607,456073.0,1274471.0
2263,QN17,201608,424160.0,970913.0
2264,QN17,201609,436297.0,1001668.0
2265,QN17,201610,439358.0,1000230.0
2266,QN17,201611,451719.0,1050364.0
2267,QN17,201612,320437.0,760536.0
2268,QN17,201701,423403.0,974538.0
2269,QN17,201702,304956.0,688626.0
2270,QN17,201703,5192848.802083333,15036132.890625
2271,QN17,201704,426473.0,954253.0
2272,QN17,201705,480853.0,1053074.0
2273,QN17,201706,248157.0,541181.0
2274,QN17,201707,451166.0,1118266.0
2275,QN17,201708,434437.0,1002624.0
2276,QN17,201709,346359.0,750281.0
2277,QN17,201710,468327.0,1025544.0
2278,QN17,201711,448432.0,978283.0
2279,QN17,201712,223500.0,505829.0
2280,QN18,201601,170753.0,410355.0
2281,QN18,201602,168744.0,407332.0
2282,QN18,201603,172968.0,448275.0
2283,QN18,201604,151622.0,403752.0
2284,QN18,201605,152411.0,415845.0
2285,QN18,201606,94974.0,221760.0
2286,QN18,201607,125034.0,305171.0
2287,QN18,201608,156589.0,398064.0
2288,QN18,201609,148103.0,397915.0
2289,QN18,201610,149524.0,405229.0
2290,QN18,201611,166709.0,430597.0
2291,QN18,201612,131783.0,348085.0
2292,QN18,201701,157520.0,419350.0
2293,QN18,201702,125331.0,287513.0
2294,QN18,201703,119416.0,329201.0
2295,QN18,201704,146192.0,380730.0
2296,QN18,201705,147869.0,410623.0
2297,QN18,201706,71373.0,210719.0
2298,QN18,201707,131916.0,371845.0
2299,QN18,201708,136816.0,390571.0
2300,QN18,201709,106500.0,298602.0
2301,QN18,201710,146866.0,405438.0
2302,QN18,201711,144849.0,409591.0
2303,QN18,201712,80043.0,221596.0
2304,QN20,201601,240459.0,308172.0
2305,QN20,201602,233689.0,303602.0
2306,QN20,201603,277638.0,348953.0
2307,QN20,201604,265862.0,329523.0
2308,QN20,201605,270493.0,333334.0
2309,QN20,201606,142006.0,175534.0
2310,QN20,201607,196110.0,242239.0
2311,QN20,201608,260862.0,325719.0
2312,QN20,201609,269859.0,336798.0
2313,QN20,201610,246282.64583333334,365250.1666666667
2314,QN20,201611,255885.0,327470.0
2315,QN20,201612,186791.0,244282.0
2316,QN20,201701,249858.0,312251.0
2317,QN20,201702,173125.0,224223.0
2318,QN20,201703,352155.5,272000.8402777778
2319,QN20,201704,213916.0,269715.0
2320,QN20,201705,263732.0,328954.0
2321,QN20,201706,132745.0,166185.0
2322,QN20,201707,214.0,21.0
2323,QN20,201708,680.0,3.0
2324,QN20,201709,99335.0,111177.0
2325,QN20,201710,148249.0,161131.0
2326,QN20,201711,138278.0,152216.0
2327,QN20,201712,66396.0,74098.0
2328,QN22,201601,1138616.0,1438699.0
2329,QN22,201602,1136575.0,1458311.0
2330,QN22,201603,1160376.0,1557332.0
2331,QN22,201604,1058951.0,1455556.0
2332,QN22,201605,1105830.0,1528401.0
2333,QN22,201606,587807.0,802819.0
2334,QN22,201607,832448.0,1131284.0
2335,QN22,201608,1073501.0,1493055.0
2336,QN22,201609,1089509.0,1523401.0
2337,QN22,201610,1072337.0,1519741.0
2338,QN22,201611,1166901.0,1567863.0
2339,QN22,201612,1038373.875,1493709.625
2340,QN22,201701,1115752.0,1488127.0
2341,QN22,201702,807233.0,1071622.0
2342,QN22,201703,832584.0,1163325.0
2343,QN22,201704,989134.0,1415635.0
2344,QN22,201705,1053201.0,1515088.0
2345,QN22,201706,548682.0,780495.0
2346,QN22,201707,1016629.0,1407154.0
2347,QN22,201708,1043765.0,1459770.0
2348,QN22,201709,817527.0,1133809.0
2349,QN22,201710,1084006.0,1509927.0
2350,QN22,201711,1161182.0,1508701.0
2351,QN22,201712,592875.0,765413.0
2352,QN26,201601,934471.0,1380999.0
2353,QN26,201602,953798.0,1398821.0
2354,QN26,201603,2283853.0,4202400.0
2355,QN26,201604,901963.0,1477775.0
2356,QN26,201605,1019954.0,85170662.0
2357,QN26,201606,494506.0,808972.0
2358,QN26,201607,710598.0,1130187.0
2359,QN26,201608,929374.0,1502861.0
2360,QN26,201609,947364.0,1539232.0
2361,QN26,201610,1006591.0,1557931.0
2362,QN26,201611,1061953.0,1554918.0
2363,QN26,201612,795012.0,1209136.0
2364,QN26,201701,976601.0,1478089.0
2365,QN26,201702,708015.0,1068500.0
2366,QN26,201703,762084.0,1195677.0
2367,QN26,201704,938053.0,1476348.0
2368,QN26,201705,3962513.7083333335,85154583.0
2369,QN26,201706,3962513.7083333335,84773064.0
2370,QN26,201707,2837171.0,6883352.0
2371,QN26,201708,953366.0,1497541.0
2372,QN26,201709,3932007.0,12733225.0
2373,QN26,201710,1118190.0,1599531.0
2374,QN26,201711,1752130.0,2823961.0
2375,QN26,201712,533338.0,793078.0
2376,QN28,201601,679971.0,1102129.0
2377,QN28,201602,697781.0,1125156.0
2378,QN28,201603,17669822.0,5319327.154513889
2379,QN28,201604,651286.0,1142499.0
2380,QN28,201605,692042.0,1193412.0
2381,QN28,201606,374486.0,635367.0
2382,QN28,201607,8971957.0,17367511.0
2383,QN28,201608,2052767.0,1544465.0
2384,QN28,201609,1710736.0,1759969.0
2385,QN28,201610,678136.0,1185228.0
2386,QN28,201611,713822.0,1211548.0
2387,QN28,201612,569082.0,957050.0
2388,QN28,201701,708297.0,1197229.0
2389,QN28,201702,499752.0,829538.0
2390,QN28,201703,4773064.371527778,3222548.535951967
2391,QN28,201704,640906.0,1132486.0
2392,QN28,201705,676078.0,1182749.0
2393,QN28,201706,356180.0,624620.0
2394,QN28,201707,636207.0,1112358.0
2395,QN28,201708,639509.0,1130897.0
2396,QN28,201709,507542.0,898699.0
2397,QN28,201710,661753.0,1184116.0
2398,QN28,201711,666702.0,1154144.0
2399,QN28,201712,344513.0,590500.0
2400,QN29,201601,1559944.0,2500636.0
2401,QN29,201602,2196998.0,3365594.0
2402,QN29,201603,1658686.0,2768220.0
2403,QN29,201604,1550713.0,2633086.0
2404,QN29,201605,1570802.0,2696495.0
2405,QN29,201606,8795777.0,4156976.612847222
2406,QN29,201607,1161858.0,1932678.0
2407,QN29,201608,3415141.0,5302338.0
2408,QN29,201609,1511250.0,2579065.0
2409,QN29,201610,1656633.0,2916547.0
2410,QN29,201611,1689057.0,2659060.0
2411,QN29,201612,1344160.0,2113176.0
2412,QN29,201701,1592638.0,2536137.0
2413,QN29,201702,1131050.0,1761183.0
2414,QN29,201703,1665187.0,5804040.0
2415,QN29,201704,1520240.0,2813314.0
2416,QN29,201705,1527802.0,2639752.0
2417,QN29,201706,825257.0,1401128.0
2418,QN29,201707,1458233.0,2438225.0
2419,QN29,201708,1498885.0,2482490.0
2420,QN29,201709,5042676.0,2860295.0
2421,QN29,201710,1576637.0,2629983.0
2422,QN29,201711,2616335.3489583335,3540816.05504919
2423,QN29,201712,4559180.375,6711222.708333333
2424,QN31,201601,17876116.0,3281095.0
2425,QN31,201602,252571439.0,92599520.125
2426,QN31,201603,2188192.0,14042570.085286459
2427,QN31,201604,5474059.0,4447502.0
2428,QN31,201605,2847151.0,4664929.0
2429,QN31,201606,3946230.0,3836204.0
2430,QN31,201607,1527326.0,2178016.0
2431,QN31,201608,2140939.0,2863624.0
2432,QN31,201609,17512993.0,3100840.0
2433,QN31,201610,64248365.338541664,3142021.0
2434,QN31,201611,2149309.0,3140947.0
2435,QN31,201612,1559648.0,2269686.0
2436,QN31,201701,2180113.0,2939792.0
2437,QN31,201702,16816775.0,2609183.0
2438,QN31,201703,1586497.0,2410368.0
2439,QN31,201704,1949170.0,2881211.0
2440,QN31,201705,2173271.0,3279995.0
2441,QN31,201706,1115155.0,1645312.0
2442,QN31,201707,1892515.0,2692271.0
2443,QN31,201708,1962349.0,2913470.0
2444,QN31,201709,14405989.0,28925261.0
2445,QN31,201710,2193933.0,3260304.0
2446,QN31,201711,2097056.0,3124052.0
2447,QN31,201712,124795582.125,34150750.921875
2448,QN35,201601,140438.0,160645.0
2449,QN35,201602,138609.0,160415.0
2450,QN35,201603,151971.0,179465.0
2451,QN35,201604,130821.0,165071.0
2452,QN35,201605,136566.0,172298.0
2453,QN35,201606,69585.0,86548.0
2454,QN35,201607,96543.0,122070.0
2455,QN35,201608,124441.0,232643.0
2456,QN35,201609,132426.0,165954.0
2457,QN35,201610,144607.0,171388.0
2458,QN35,201611,152073.0,171977.0
2459,QN35,201612,111704.0,131285.0
2460,QN35,201701,144844.0,163883.0
2461,QN35,201702,101729.0,116536.0
2462,QN35,201703,114534.0,136790.0
2463,QN35,201704,129551.0,159811.0
2464,QN35,201705,143781.0,177211.0
2465,QN35,201706,69807.0,89190.0
2466,QN35,201707,95790.0,125030.0
2467,QN35,201708,111862.0,145268.0
2468,QN35,201709,101030.0,125607.0
2469,QN35,201710,138749.0,175670.0
2470,QN35,201711,146151.0,173151.0
2471,QN35,201712,75654.0,89742.0
2472,QN53,201601,124135.0,193144.0
2473,QN53,201602,147139.87847222222,284670.671875
2474,QN53,201603,126751.0,216239.0
2475,QN53,201604,121618.0,195074.0
2476,QN53,201605,294514.0,385116.0
2477,QN53,201606,65126.0,103451.0
2478,QN53,201607,88530.0,140220.0
2479,QN53,201608,105005.0,184356.0
2480,QN53,201609,431491.0833333333,201996.44986979166
2481,QN53,201610,94153.0,182373.0
2482,QN53,201611,107348.0,202185.0
2483,QN53,201612,148275.0,270267.0
2484,QN53,201701,96922.0,179971.0
2485,QN53,201702,67248.0,129439.0
2486,QN53,201703,76923.0,150476.0
2487,QN53,201704,79154.0,167708.0
2488,QN53,201705,139721.0,280312.0
2489,QN53,201706,43367.0,93478.0
2490,QN53,201707,80614.0,172008.0
2491,QN53,201708,79599.0,172217.0
2492,QN53,201709,68896.0,142041.0
2493,QN53,201710,94085.0,188172.0
2494,QN53,201711,103748.0,195713.0
2495,QN53,201712,61788.0,91658.0
2496,QN54,201601,81462.0,182446.0
2497,QN54,201602,83524.0,188792.0
2498,QN54,201603,87358.0,213160.0
2499,QN54,201604,75869.0,180104.0
2500,QN54,201605,81250.0,184374.0
2501,QN54,201606,45635.0,94050.0
2502,QN54,201607,70546.0,132014.0
2503,QN54,201608,91987.0,177201.0
2504,QN54,201609,95542.0,185474.0
2505,QN54,201610,92762.0,180085.0
2506,QN54,201611,98928.0,182683.0
2507,QN54,201612,69711.0,134961.0
2508,QN54,201701,88639.0,166657.0
2509,QN54,201702,53528.0,104030.0
2510,QN54,201703,38913.0,101828.0
2511,QN54,201704,22909.0,98602.0
2512,QN54,201705,22905.0,104542.0
2513,QN54,201706,11996.0,54998.0
2514,QN54,201707,23888.0,97180.0
2515,QN54,201708,25499.0,99350.0
2516,QN54,201709,20840.0,80060.0
2517,QN54,201710,37590.0,112527.0
2518,QN54,201711,38261.0,109356.0
2519,QN54,201712,22627.0,54624.0
2520,QN55,201601,145806.0,222841.0
2521,QN55,201602,157122.0,242298.0
2522,QN55,201603,170425.0,280717.0
2523,QN55,201604,147829.0,240702.0
2524,QN55,201605,158498.0,244906.0
2525,QN55,201606,75966.0,117166.0
2526,QN55,201607,112483.0,173227.0
2527,QN55,201608,160841.0,243575.0
2528,QN55,201609,157908.0,246836.0
2529,QN55,201610,153777.0,242022.0
2530,QN55,201611,161034.0,245958.0
2531,QN55,201612,101417.0,154695.0
2532,QN55,201701,157098.0,233070.0
2533,QN55,201702,112011.0,170522.0
2534,QN55,201703,119702.0,186428.0
2535,QN55,201704,135281.0,217896.0
2536,QN55,201705,146059.0,233169.0
2537,QN55,201706,83800.0,128488.0
2538,QN55,201707,150159.0,230908.0
2539,QN55,201708,150287.0,241163.0
2540,QN55,201709,107007.0,188546.0
2541,QN55,201710,145317.0,250930.0
2542,QN55,201711,150872.0,233343.0
2543,QN55,201712,78182.0,121445.0
2544,QN56,201601,112496.0,289272.0
2545,QN56,201602,349745.0,1118372.8333333333
2546,QN56,201603,1119255.0,838276.8263888889
2547,QN56,201604,166728.0,382986.0
2548,QN56,201605,183299.0,407224.0
2549,QN56,201606,1112479.0,838276.8263888889
2550,QN56,201607,143805.0,304153.0
2551,QN56,201608,205257.0,450346.0
2552,QN56,201609,185655.0,418373.0
2553,QN56,201610,197963.0,457820.0
2554,QN56,201611,177843.0,408485.0
2555,QN56,201612,135759.0,315298.0
2556,QN56,201701,169383.0,383238.0
2557,QN56,201702,119410.0,275949.0
2558,QN56,201703,140198.0,322002.0
2559,QN56,201704,168774.0,379920.0
2560,QN56,201705,180547.0,412063.0
2561,QN56,201706,93062.0,219105.0
2562,QN56,201707,170315.0,380509.0
2563,QN56,201708,176594.0,861826.0
2564,QN56,201709,137019.0,319634.0
2565,QN56,201710,184338.0,438215.0
2566,QN56,201711,880656.0,592847.0
2567,QN56,201712,85111.0,203629.0
2568,QN60,201601,756670.0,861498.0
2569,QN60,201602,900409.75,1328414.0
2570,QN60,201603,883444.0,998317.0
2571,QN60,201604,823079.0,927969.0
2572,QN60,201605,841478.0,949845.0
2573,QN60,201606,444450.0,501462.0
2574,QN60,201607,600554.0,676837.0
2575,QN60,201608,794564.0,894652.0
2576,QN60,201609,824698.0,929735.0
2577,QN60,201610,839972.0,933288.0
2578,QN60,201611,809240.0,919094.0
2579,QN60,201612,780436.5729166666,1575172.0
2580,QN60,201701,786803.0,889273.0
2581,QN60,201702,730682.0,794710.0
2582,QN60,201703,667801.0,753520.0
2583,QN60,201704,797119.0,898847.0
2584,QN60,201705,875453.0,976678.0
2585,QN60,201706,379221.0,436355.0
2586,QN60,201707,652630.0,735167.0
2587,QN60,201708,766913.0,853234.0
2588,QN60,201709,946990.0,996888.0
2589,QN60,201710,870381.0,964388.0
2590,QN60,201711,792917.0,902862.0
2591,QN60,201712,401497.0,461806.0
2592,QN61,201601,1830820.0,2631429.0
2593,QN61,201602,1959007.0,2784636.0
2594,QN61,201603,2151317.0,14180953.791666666
2595,QN61,201604,1868482.0,2783182.0
2596,QN61,201605,2405573.0,3441244.0
2597,QN61,201606,979471.0,1476822.0
2598,QN61,201607,1760390.0,2410862.0
2599,QN61,201608,1919963.0,2837009.0
2600,QN61,201609,2822465.0,3734312.0
2601,QN61,201610,1827534.0,2754958.0
2602,QN61,201611,4235360.0,3839306.0
2603,QN61,201612,1483156.0,2138955.0
2604,QN61,201701,3802025.0,5446453.0
2605,QN61,201702,1319278.0,1876144.0
2606,QN61,201703,3505908.0,4736453.0
2607,QN61,201704,3278724.0,6445577.0
2608,QN61,201705,1992845.0,2944906.0
2609,QN61,201706,1261415.0,1909184.0
2610,QN61,201707,2209124.0,9748621.199652778
2611,QN61,201708,2827972.5,6548563.291304977
2612,QN61,201709,1590988.0,2388896.0
2613,QN61,201710,1907029.0,2834134.0
2614,QN61,201711,1993812.0,2711674.0
2615,QN61,201712,945708.0,1361388.0
2616,QN63,201601,642239.0,773464.0
2617,QN63,201602,646885.0,780668.0
2618,QN63,201603,758740.0,898556.0
2619,QN63,201604,698350.0,824334.0
2620,QN63,201605,746391.0,880913.0
2621,QN63,201606,401904.0,468802.0
2622,QN63,201607,556428.0,652362.0
2623,QN63,201608,724491.0,849388.0
2624,QN63,201609,733485.0,875634.0
2625,QN63,201610,751189.0,874467.0
2626,QN63,201611,700686.0,837423.0
2627,QN63,201612,465379.0,566110.0
2628,QN63,201701,678176.0,800431.0
2629,QN63,201702,463232.0,555316.0
2630,QN63,201703,543079.0,647639.0
2631,QN63,201704,944989.0,1040730.0
2632,QN63,201705,679617.0,834606.0833333334
2633,QN63,201706,395273.0,463539.0
2634,QN63,201707,689865.0,805146.0
2635,QN63,201708,713512.0,828024.0
2636,QN63,201709,565957.0,658455.0
2637,QN63,201710,771625.0,881246.0
2638,QN63,201711,687736.0,817740.0
2639,QN63,201712,349238.0,417853.0
2640,QN68,201601,216264.0,290999.0
2641,QN68,201602,212602.0,291742.0
2642,QN68,201603,227835.0,339020.0
2643,QN68,201604,207634.0,315123.0
2644,QN68,201605,217877.0,327880.0
2645,QN68,201606,118878.0,175772.0
2646,QN68,201607,167978.0,243288.0
2647,QN68,201608,210851.0,317172.0
2648,QN68,201609,204187.0,320218.0
2649,QN68,201610,212937.0,328996.0
2650,QN68,201611,216448.0,332880.0
2651,QN68,201612,158758.0,248217.0
2652,QN68,201701,219127.0,315423.0
2653,QN68,201702,144917.0,218774.0
2654,QN68,201703,160395.0,259933.0
2655,QN68,201704,201813.0,324292.0
2656,QN68,201705,198230.0,338572.0
2657,QN68,201706,105898.0,173313.0
2658,QN68,201707,188409.0,294916.0
2659,QN68,201708,191456.0,309874.0
2660,QN68,201709,151828.0,247737.0
2661,QN68,201710,208620.0,358171.0
2662,QN68,201711,240618.0,389024.0
2663,QN68,201712,126695.0,199770.0
2664,QN70,201601,671825.0,906103.0
2665,QN70,201602,651966.0,890156.0
2666,QN70,201603,691763.0,993828.0
2667,QN70,201604,627149.0,910639.0
2668,QN70,201605,631126.0,929694.0
2669,QN70,201606,332600.0,490961.0
2670,QN70,201607,469966.0,662879.0
2671,QN70,201608,597937.0,859376.0
2672,QN70,201609,602830.0,890779.0
2673,QN70,201610,617700.0,904591.0
2674,QN70,201611,679161.0,941290.0
2675,QN70,201612,513136.0,712246.0
2676,QN70,201701,684075.0,921176.0
2677,QN70,201702,467488.0,641720.0
2678,QN70,201703,502579.0,725906.0
2679,QN70,201704,571364.0,856401.0
2680,QN70,201705,569757.0,877567.0
2681,QN70,201706,312568.0,461705.0
2682,QN70,201707,564654.0,802972.0
2683,QN70,201708,528178.0,778653.0
2684,QN70,201709,412904.0,633527.0
2685,QN70,201710,489956.0,720909.0
2686,QN70,201711,270505.0,399619.0
2687,QN70,201712,144751.0,219437.0
2688,QN72,201601,517788.0,692099.0
2689,QN72,201602,550181.0,723966.0
2690,QN72,201603,1027045.0,740632.21875
2691,QN72,201604,495203.0,743340.0
2692,QN72,201605,1004233.375,873866.25
2693,QN72,201606,276080.0,404125.0
2694,QN72,201607,369855.0,546011.0
2695,QN72,201608,496247.0,716840.0
2696,QN72,201609,491635.0,742687.0
2697,QN72,201610,507552.0,759663.0
2698,QN72,201611,553614.0,755529.0
2699,QN72,201612,406880.0,566405.0
2700,QN72,201701,548264.0,732500.0
2701,QN72,201702,384164.0,521465.0
2702,QN72,201703,396609.0,580723.0
2703,QN72,201704,468284.0,711246.0
2704,QN72,201705,438880.0,688404.0
2705,QN72,201706,257852.0,389301.0
2706,QN72,201707,455535.0,665826.0
2707,QN72,201708,411898.0,613013.0
2708,QN72,201709,347381.0,518365.0
2709,QN72,201710,530045.0,797681.0
2710,QN72,201711,627767.0,868568.0
2711,QN72,201712,325768.0,457068.0
2712,QN98,201601,65072.0,91456.0
2713,QN98,201602,193913.0,113576.0
2714,QN98,201603,82329.0,118596.0
2715,QN98,201604,178084.0,129559.0
2716,QN98,201605,91848.0,133210.0
2717,QN98,201606,49196.0,70600.0
2718,QN98,201607,67996.0,95543.0
2719,QN98,201608,118323.35069444444,116807.30902777777
2720,QN98,201609,174729.41666666666,210693.41666666666
2721,QN98,201610,130914.0,120018.0
2722,QN98,201611,108718.0,81303.0
2723,QN98,201612,91143.0,71114.0
2724,QN98,201701,145424.0,98469.0
2725,QN98,201702,75411.0,59628.0
2726,QN98,201703,74004.0,68032.0
2727,QN98,201704,99600.0,92157.0
2728,QN98,201705,123319.0,169122.0
2729,QN98,201706,172310.0,135973.0
2730,QN98,201707,120178.0,117106.0
2731,QN98,201708,128802.0,110813.0
2732,QN98,201709,89392.0,79895.0
2733,QN98,201710,116263.0,104795.0
2734,QN98,201711,109174.0,88483.0
2735,QN98,201712,59899.0,40591.0
2736,QN99,201601,51897.0,48746.0
2737,QN99,201602,54983.0,52210.0
2738,QN99,201603,78898.0,76148.0
2739,QN99,201604,178779.0,125874.0
2740,QN99,201605,149108.79166666666,140849.45833333334
2741,QN99,201606,122763.0,82482.0
2742,QN99,201607,161731.0,109362.0
2743,QN99,201608,255968.0,192191.0
2744,QN99,201609,234173.0,210723.0
2745,QN99,201610,118134.0,79198.0
2746,QN99,201611,64719.0,64086.0
2747,QN99,201612,173454.0,248591.0
2748,QN99,201701,61658.0,56092.0
2749,QN99,201702,41693.0,42974.0
2750,QN99,201703,49509.0,50073.0
2751,QN99,201704,272561.0,205349.0
2752,QN99,201705,173519.0,126333.0
2753,QN99,201706,122135.0,77471.0
2754,QN99,201707,199680.0,135395.0
2755,QN99,201708,284931.0,218412.0
2756,QN99,201709,173815.0,126927.0
2757,QN99,201710,85438.0,87448.0
2758,QN99,201711,66350.0,67807.0
2759,QN99,201712,27330.0,29040.0
